USE `datatabs_main`;

DROP TEMPORARY TABLE IF EXISTS temp;

INSERT INTO Tb_TipoAuditoria (codigo) VALUES ('C');
INSERT INTO Tb_TipoAuditoria (codigo) VALUES ('U');
INSERT INTO Tb_TipoAuditoria (codigo) VALUES ('D');


INSERT INTO Tb_Idioma (codigo) VALUES ('ES');
INSERT INTO Tb_Idioma (codigo) VALUES ('EN');


-- VERSION ESPAÑOL
INSERT INTO Tb_Idioma_T (idioma, id_idioma) VALUES ('Español', 1);
INSERT INTO Tb_Idioma_T (idioma, id_idioma) VALUES ('Inglés' , 1);
-- ENGLISH VERSION
INSERT INTO Tb_Idioma_T (idioma, id_idioma) VALUES ('Spanish', 2);
INSERT INTO Tb_Idioma_T (idioma, id_idioma) VALUES ('English', 2);


-- VERSION ESPAÑOL
INSERT INTO Tb_TipoAuditoria_T (tipoAuditoria, descripcion, id_tipoAuditoria, id_idioma) VALUES ('Creación'     , '', 1, 1);
INSERT INTO Tb_TipoAuditoria_T (tipoAuditoria, descripcion, id_tipoAuditoria, id_idioma) VALUES ('Actualizacion', '', 2, 1);
INSERT INTO Tb_TipoAuditoria_T (tipoAuditoria, descripcion, id_tipoAuditoria, id_idioma) VALUES ('Eliminacion'  , '', 3, 1);
-- ENGLISH VERSION
INSERT INTO Tb_TipoAuditoria_T (tipoAuditoria, descripcion, id_tipoAuditoria, id_idioma) VALUES ('Create'       , '', 1, 2);
INSERT INTO Tb_TipoAuditoria_T (tipoAuditoria, descripcion, id_tipoAuditoria, id_idioma) VALUES ('Update'       , '', 2, 2);
INSERT INTO Tb_TipoAuditoria_T (tipoAuditoria, descripcion, id_tipoAuditoria, id_idioma) VALUES ('Delete'       , '', 3, 2);


INSERT INTO Tb_Pais (codigoNUM, codigoALP2, codigoALP3) VALUES ('004', 'AF', 'AFG');
INSERT INTO Tb_Pais (codigoNUM, codigoALP2, codigoALP3) VALUES ('248', 'AX', 'ALA');
INSERT INTO Tb_Pais (codigoNUM, codigoALP2, codigoALP3) VALUES ('008', 'AL', 'ALB');
INSERT INTO Tb_Pais (codigoNUM, codigoALP2, codigoALP3) VALUES ('276', 'DE', 'DEU');
INSERT INTO Tb_Pais (codigoNUM, codigoALP2, codigoALP3) VALUES ('020', 'AD', 'AND');
INSERT INTO Tb_Pais (codigoNUM, codigoALP2, codigoALP3) VALUES ('024', 'AO', 'AGO');
INSERT INTO Tb_Pais (codigoNUM, codigoALP2, codigoALP3) VALUES ('660', 'AI', 'AIA');
INSERT INTO Tb_Pais (codigoNUM, codigoALP2, codigoALP3) VALUES ('010', 'AQ', 'ATA');
INSERT INTO Tb_Pais (codigoNUM, codigoALP2, codigoALP3) VALUES ('028', 'AG', 'ATG');
INSERT INTO Tb_Pais (codigoNUM, codigoALP2, codigoALP3) VALUES ('530', 'AN', 'ANT');
INSERT INTO Tb_Pais (codigoNUM, codigoALP2, codigoALP3) VALUES ('682', 'SA', 'SAU');
INSERT INTO Tb_Pais (codigoNUM, codigoALP2, codigoALP3) VALUES ('012', 'DZ', 'DZA');
INSERT INTO Tb_Pais (codigoNUM, codigoALP2, codigoALP3) VALUES ('032', 'AR', 'ARG');
INSERT INTO Tb_Pais (codigoNUM, codigoALP2, codigoALP3) VALUES ('051', 'AM', 'ARM');
INSERT INTO Tb_Pais (codigoNUM, codigoALP2, codigoALP3) VALUES ('533', 'AW', 'ABW');
INSERT INTO Tb_Pais (codigoNUM, codigoALP2, codigoALP3) VALUES ('036', 'AU', 'AUS');
INSERT INTO Tb_Pais (codigoNUM, codigoALP2, codigoALP3) VALUES ('040', 'AT', 'AUT');
INSERT INTO Tb_Pais (codigoNUM, codigoALP2, codigoALP3) VALUES ('031', 'AZ', 'AZE');
INSERT INTO Tb_Pais (codigoNUM, codigoALP2, codigoALP3) VALUES ('044', 'BS', 'BHS');
INSERT INTO Tb_Pais (codigoNUM, codigoALP2, codigoALP3) VALUES ('048', 'BH', 'BHR');
INSERT INTO Tb_Pais (codigoNUM, codigoALP2, codigoALP3) VALUES ('050', 'BD', 'BGD');
INSERT INTO Tb_Pais (codigoNUM, codigoALP2, codigoALP3) VALUES ('052', 'BB', 'BRB');
INSERT INTO Tb_Pais (codigoNUM, codigoALP2, codigoALP3) VALUES ('112', 'BY', 'BLR');
INSERT INTO Tb_Pais (codigoNUM, codigoALP2, codigoALP3) VALUES ('056', 'BE', 'BEL');
INSERT INTO Tb_Pais (codigoNUM, codigoALP2, codigoALP3) VALUES ('084', 'BZ', 'BLZ');
INSERT INTO Tb_Pais (codigoNUM, codigoALP2, codigoALP3) VALUES ('204', 'BJ', 'BEN');
INSERT INTO Tb_Pais (codigoNUM, codigoALP2, codigoALP3) VALUES ('060', 'BM', 'BMU');
INSERT INTO Tb_Pais (codigoNUM, codigoALP2, codigoALP3) VALUES ('064', 'BT', 'BTN');
INSERT INTO Tb_Pais (codigoNUM, codigoALP2, codigoALP3) VALUES ('068', 'BO', 'BOL');
INSERT INTO Tb_Pais (codigoNUM, codigoALP2, codigoALP3) VALUES ('070', 'BA', 'BIH');
INSERT INTO Tb_Pais (codigoNUM, codigoALP2, codigoALP3) VALUES ('072', 'BW', 'BWA');
INSERT INTO Tb_Pais (codigoNUM, codigoALP2, codigoALP3) VALUES ('074', 'BV', 'BVT');
INSERT INTO Tb_Pais (codigoNUM, codigoALP2, codigoALP3) VALUES ('076', 'BR', 'BRA');
INSERT INTO Tb_Pais (codigoNUM, codigoALP2, codigoALP3) VALUES ('096', 'BN', 'BRN');
INSERT INTO Tb_Pais (codigoNUM, codigoALP2, codigoALP3) VALUES ('100', 'BG', 'BGR');
INSERT INTO Tb_Pais (codigoNUM, codigoALP2, codigoALP3) VALUES ('854', 'BF', 'BFA');
INSERT INTO Tb_Pais (codigoNUM, codigoALP2, codigoALP3) VALUES ('108', 'BI', 'BDI');
INSERT INTO Tb_Pais (codigoNUM, codigoALP2, codigoALP3) VALUES ('132', 'CV', 'CPV');
INSERT INTO Tb_Pais (codigoNUM, codigoALP2, codigoALP3) VALUES ('136', 'KY', 'CYM');
INSERT INTO Tb_Pais (codigoNUM, codigoALP2, codigoALP3) VALUES ('116', 'KH', 'KHM');
INSERT INTO Tb_Pais (codigoNUM, codigoALP2, codigoALP3) VALUES ('120', 'CM', 'CMR');
INSERT INTO Tb_Pais (codigoNUM, codigoALP2, codigoALP3) VALUES ('124', 'CA', 'CAN');
INSERT INTO Tb_Pais (codigoNUM, codigoALP2, codigoALP3) VALUES ('140', 'CF', 'CAF');
INSERT INTO Tb_Pais (codigoNUM, codigoALP2, codigoALP3) VALUES ('148', 'TD', 'TCD');
INSERT INTO Tb_Pais (codigoNUM, codigoALP2, codigoALP3) VALUES ('203', 'CZ', 'CZE');
INSERT INTO Tb_Pais (codigoNUM, codigoALP2, codigoALP3) VALUES ('152', 'CL', 'CHL');
INSERT INTO Tb_Pais (codigoNUM, codigoALP2, codigoALP3) VALUES ('156', 'CN', 'CHN');
INSERT INTO Tb_Pais (codigoNUM, codigoALP2, codigoALP3) VALUES ('196', 'CY', 'CYP');
INSERT INTO Tb_Pais (codigoNUM, codigoALP2, codigoALP3) VALUES ('162', 'CX', 'CXR');
INSERT INTO Tb_Pais (codigoNUM, codigoALP2, codigoALP3) VALUES ('336', 'VA', 'VAT');
INSERT INTO Tb_Pais (codigoNUM, codigoALP2, codigoALP3) VALUES ('166', 'CC', 'CCK');
INSERT INTO Tb_Pais (codigoNUM, codigoALP2, codigoALP3) VALUES ('170', 'CO', 'COL');
INSERT INTO Tb_Pais (codigoNUM, codigoALP2, codigoALP3) VALUES ('174', 'KM', 'COM');
INSERT INTO Tb_Pais (codigoNUM, codigoALP2, codigoALP3) VALUES ('180', 'CD', 'COD');
INSERT INTO Tb_Pais (codigoNUM, codigoALP2, codigoALP3) VALUES ('178', 'CG', 'COG');
INSERT INTO Tb_Pais (codigoNUM, codigoALP2, codigoALP3) VALUES ('184', 'CK', 'COK');
INSERT INTO Tb_Pais (codigoNUM, codigoALP2, codigoALP3) VALUES ('408', 'KP', 'PRK');
INSERT INTO Tb_Pais (codigoNUM, codigoALP2, codigoALP3) VALUES ('410', 'KR', 'KOR');
INSERT INTO Tb_Pais (codigoNUM, codigoALP2, codigoALP3) VALUES ('384', 'CI', 'CIV');
INSERT INTO Tb_Pais (codigoNUM, codigoALP2, codigoALP3) VALUES ('188', 'CR', 'CRI');
INSERT INTO Tb_Pais (codigoNUM, codigoALP2, codigoALP3) VALUES ('191', 'HR', 'HRV');
INSERT INTO Tb_Pais (codigoNUM, codigoALP2, codigoALP3) VALUES ('192', 'CU', 'CUB');
INSERT INTO Tb_Pais (codigoNUM, codigoALP2, codigoALP3) VALUES ('208', 'DK', 'DNK');
INSERT INTO Tb_Pais (codigoNUM, codigoALP2, codigoALP3) VALUES ('212', 'DM', 'DMA');
INSERT INTO Tb_Pais (codigoNUM, codigoALP2, codigoALP3) VALUES ('214', 'DO', 'DOM');
INSERT INTO Tb_Pais (codigoNUM, codigoALP2, codigoALP3) VALUES ('218', 'EC', 'ECU');
INSERT INTO Tb_Pais (codigoNUM, codigoALP2, codigoALP3) VALUES ('818', 'EG', 'EGY');
INSERT INTO Tb_Pais (codigoNUM, codigoALP2, codigoALP3) VALUES ('222', 'SV', 'SLV');
INSERT INTO Tb_Pais (codigoNUM, codigoALP2, codigoALP3) VALUES ('784', 'AE', 'ARE');
INSERT INTO Tb_Pais (codigoNUM, codigoALP2, codigoALP3) VALUES ('232', 'ER', 'ERI');
INSERT INTO Tb_Pais (codigoNUM, codigoALP2, codigoALP3) VALUES ('703', 'SK', 'SVK');
INSERT INTO Tb_Pais (codigoNUM, codigoALP2, codigoALP3) VALUES ('705', 'SI', 'SVN');
INSERT INTO Tb_Pais (codigoNUM, codigoALP2, codigoALP3) VALUES ('724', 'ES', 'ESP');
INSERT INTO Tb_Pais (codigoNUM, codigoALP2, codigoALP3) VALUES ('581', 'UM', 'UMI');
INSERT INTO Tb_Pais (codigoNUM, codigoALP2, codigoALP3) VALUES ('840', 'US', 'USA');
INSERT INTO Tb_Pais (codigoNUM, codigoALP2, codigoALP3) VALUES ('233', 'EE', 'EST');
INSERT INTO Tb_Pais (codigoNUM, codigoALP2, codigoALP3) VALUES ('231', 'ET', 'ETH');
INSERT INTO Tb_Pais (codigoNUM, codigoALP2, codigoALP3) VALUES ('234', 'FO', 'FRO');
INSERT INTO Tb_Pais (codigoNUM, codigoALP2, codigoALP3) VALUES ('608', 'PH', 'PHL');
INSERT INTO Tb_Pais (codigoNUM, codigoALP2, codigoALP3) VALUES ('246', 'FI', 'FIN');
INSERT INTO Tb_Pais (codigoNUM, codigoALP2, codigoALP3) VALUES ('242', 'FJ', 'FJI');
INSERT INTO Tb_Pais (codigoNUM, codigoALP2, codigoALP3) VALUES ('250', 'FR', 'FRA');
INSERT INTO Tb_Pais (codigoNUM, codigoALP2, codigoALP3) VALUES ('266', 'GA', 'GAB');
INSERT INTO Tb_Pais (codigoNUM, codigoALP2, codigoALP3) VALUES ('270', 'GM', 'GMB');
INSERT INTO Tb_Pais (codigoNUM, codigoALP2, codigoALP3) VALUES ('268', 'GE', 'GEO');
INSERT INTO Tb_Pais (codigoNUM, codigoALP2, codigoALP3) VALUES ('239', 'GS', 'SGS');
INSERT INTO Tb_Pais (codigoNUM, codigoALP2, codigoALP3) VALUES ('288', 'GH', 'GHA');
INSERT INTO Tb_Pais (codigoNUM, codigoALP2, codigoALP3) VALUES ('292', 'GI', 'GIB');
INSERT INTO Tb_Pais (codigoNUM, codigoALP2, codigoALP3) VALUES ('308', 'GD', 'GRD');
INSERT INTO Tb_Pais (codigoNUM, codigoALP2, codigoALP3) VALUES ('300', 'GR', 'GRC');
INSERT INTO Tb_Pais (codigoNUM, codigoALP2, codigoALP3) VALUES ('304', 'GL', 'GRL');
INSERT INTO Tb_Pais (codigoNUM, codigoALP2, codigoALP3) VALUES ('312', 'GP', 'GLP');
INSERT INTO Tb_Pais (codigoNUM, codigoALP2, codigoALP3) VALUES ('316', 'GU', 'GUM');
INSERT INTO Tb_Pais (codigoNUM, codigoALP2, codigoALP3) VALUES ('320', 'GT', 'GTM');
INSERT INTO Tb_Pais (codigoNUM, codigoALP2, codigoALP3) VALUES ('254', 'GF', 'GUF');
INSERT INTO Tb_Pais (codigoNUM, codigoALP2, codigoALP3) VALUES ('324', 'GN', 'GIN');
INSERT INTO Tb_Pais (codigoNUM, codigoALP2, codigoALP3) VALUES ('226', 'GQ', 'GNQ');
INSERT INTO Tb_Pais (codigoNUM, codigoALP2, codigoALP3) VALUES ('624', 'GW', 'GNB');
INSERT INTO Tb_Pais (codigoNUM, codigoALP2, codigoALP3) VALUES ('328', 'GY', 'GUY');
INSERT INTO Tb_Pais (codigoNUM, codigoALP2, codigoALP3) VALUES ('332', 'HT', 'HTI');
INSERT INTO Tb_Pais (codigoNUM, codigoALP2, codigoALP3) VALUES ('334', 'HM', 'HMD');
INSERT INTO Tb_Pais (codigoNUM, codigoALP2, codigoALP3) VALUES ('340', 'HN', 'HND');
INSERT INTO Tb_Pais (codigoNUM, codigoALP2, codigoALP3) VALUES ('344', 'HK', 'HKG');
INSERT INTO Tb_Pais (codigoNUM, codigoALP2, codigoALP3) VALUES ('348', 'HU', 'HUN');
INSERT INTO Tb_Pais (codigoNUM, codigoALP2, codigoALP3) VALUES ('356', 'IN', 'IND');
INSERT INTO Tb_Pais (codigoNUM, codigoALP2, codigoALP3) VALUES ('360', 'ID', 'IDN');
INSERT INTO Tb_Pais (codigoNUM, codigoALP2, codigoALP3) VALUES ('364', 'IR', 'IRN');
INSERT INTO Tb_Pais (codigoNUM, codigoALP2, codigoALP3) VALUES ('368', 'IQ', 'IRQ');
INSERT INTO Tb_Pais (codigoNUM, codigoALP2, codigoALP3) VALUES ('372', 'IE', 'IRL');
INSERT INTO Tb_Pais (codigoNUM, codigoALP2, codigoALP3) VALUES ('352', 'IS', 'ISL');
INSERT INTO Tb_Pais (codigoNUM, codigoALP2, codigoALP3) VALUES ('376', 'IL', 'ISR');
INSERT INTO Tb_Pais (codigoNUM, codigoALP2, codigoALP3) VALUES ('380', 'IT', 'ITA');
INSERT INTO Tb_Pais (codigoNUM, codigoALP2, codigoALP3) VALUES ('388', 'JM', 'JAM');
INSERT INTO Tb_Pais (codigoNUM, codigoALP2, codigoALP3) VALUES ('392', 'JP', 'JPN');
INSERT INTO Tb_Pais (codigoNUM, codigoALP2, codigoALP3) VALUES ('400', 'JO', 'JOR');
INSERT INTO Tb_Pais (codigoNUM, codigoALP2, codigoALP3) VALUES ('398', 'KZ', 'KAZ');
INSERT INTO Tb_Pais (codigoNUM, codigoALP2, codigoALP3) VALUES ('404', 'KE', 'KEN');
INSERT INTO Tb_Pais (codigoNUM, codigoALP2, codigoALP3) VALUES ('417', 'KG', 'KGZ');
INSERT INTO Tb_Pais (codigoNUM, codigoALP2, codigoALP3) VALUES ('296', 'KI', 'KIR');
INSERT INTO Tb_Pais (codigoNUM, codigoALP2, codigoALP3) VALUES ('414', 'KW', 'KWT');
INSERT INTO Tb_Pais (codigoNUM, codigoALP2, codigoALP3) VALUES ('418', 'LA', 'LAO');
INSERT INTO Tb_Pais (codigoNUM, codigoALP2, codigoALP3) VALUES ('426', 'LS', 'LSO');
INSERT INTO Tb_Pais (codigoNUM, codigoALP2, codigoALP3) VALUES ('428', 'LV', 'LVA');
INSERT INTO Tb_Pais (codigoNUM, codigoALP2, codigoALP3) VALUES ('422', 'LB', 'LBN');
INSERT INTO Tb_Pais (codigoNUM, codigoALP2, codigoALP3) VALUES ('430', 'LR', 'LBR');
INSERT INTO Tb_Pais (codigoNUM, codigoALP2, codigoALP3) VALUES ('434', 'LY', 'LBY');
INSERT INTO Tb_Pais (codigoNUM, codigoALP2, codigoALP3) VALUES ('438', 'LI', 'LIE');
INSERT INTO Tb_Pais (codigoNUM, codigoALP2, codigoALP3) VALUES ('440', 'LT', 'LTU');
INSERT INTO Tb_Pais (codigoNUM, codigoALP2, codigoALP3) VALUES ('442', 'LU', 'LUX');
INSERT INTO Tb_Pais (codigoNUM, codigoALP2, codigoALP3) VALUES ('446', 'MO', 'MAC');
INSERT INTO Tb_Pais (codigoNUM, codigoALP2, codigoALP3) VALUES ('807', 'MK', 'MKD');
INSERT INTO Tb_Pais (codigoNUM, codigoALP2, codigoALP3) VALUES ('450', 'MG', 'MDG');
INSERT INTO Tb_Pais (codigoNUM, codigoALP2, codigoALP3) VALUES ('458', 'MY', 'MYS');
INSERT INTO Tb_Pais (codigoNUM, codigoALP2, codigoALP3) VALUES ('454', 'MW', 'MWI');
INSERT INTO Tb_Pais (codigoNUM, codigoALP2, codigoALP3) VALUES ('462', 'MV', 'MDV');
INSERT INTO Tb_Pais (codigoNUM, codigoALP2, codigoALP3) VALUES ('466', 'ML', 'MLI');
INSERT INTO Tb_Pais (codigoNUM, codigoALP2, codigoALP3) VALUES ('470', 'MT', 'MLT');
INSERT INTO Tb_Pais (codigoNUM, codigoALP2, codigoALP3) VALUES ('238', 'FK', 'FLK');
INSERT INTO Tb_Pais (codigoNUM, codigoALP2, codigoALP3) VALUES ('580', 'MP', 'MNP');
INSERT INTO Tb_Pais (codigoNUM, codigoALP2, codigoALP3) VALUES ('504', 'MA', 'MAR');
INSERT INTO Tb_Pais (codigoNUM, codigoALP2, codigoALP3) VALUES ('584', 'MH', 'MHL');
INSERT INTO Tb_Pais (codigoNUM, codigoALP2, codigoALP3) VALUES ('474', 'MQ', 'MTQ');
INSERT INTO Tb_Pais (codigoNUM, codigoALP2, codigoALP3) VALUES ('480', 'MU', 'MUS');
INSERT INTO Tb_Pais (codigoNUM, codigoALP2, codigoALP3) VALUES ('478', 'MR', 'MRT');
INSERT INTO Tb_Pais (codigoNUM, codigoALP2, codigoALP3) VALUES ('175', 'YT', 'MYT');
INSERT INTO Tb_Pais (codigoNUM, codigoALP2, codigoALP3) VALUES ('484', 'MX', 'MEX');
INSERT INTO Tb_Pais (codigoNUM, codigoALP2, codigoALP3) VALUES ('583', 'FM', 'FSM');
INSERT INTO Tb_Pais (codigoNUM, codigoALP2, codigoALP3) VALUES ('498', 'MD', 'MDA');
INSERT INTO Tb_Pais (codigoNUM, codigoALP2, codigoALP3) VALUES ('492', 'MC', 'MCO');
INSERT INTO Tb_Pais (codigoNUM, codigoALP2, codigoALP3) VALUES ('496', 'MN', 'MNG');
INSERT INTO Tb_Pais (codigoNUM, codigoALP2, codigoALP3) VALUES ('500', 'MS', 'MSR');
INSERT INTO Tb_Pais (codigoNUM, codigoALP2, codigoALP3) VALUES ('508', 'MZ', 'MOZ');
INSERT INTO Tb_Pais (codigoNUM, codigoALP2, codigoALP3) VALUES ('104', 'MM', 'MMR');
INSERT INTO Tb_Pais (codigoNUM, codigoALP2, codigoALP3) VALUES ('516', 'NA', 'NAM');
INSERT INTO Tb_Pais (codigoNUM, codigoALP2, codigoALP3) VALUES ('520', 'NR', 'NRU');
INSERT INTO Tb_Pais (codigoNUM, codigoALP2, codigoALP3) VALUES ('524', 'NP', 'NPL');
INSERT INTO Tb_Pais (codigoNUM, codigoALP2, codigoALP3) VALUES ('558', 'NI', 'NIC');
INSERT INTO Tb_Pais (codigoNUM, codigoALP2, codigoALP3) VALUES ('562', 'NE', 'NER');
INSERT INTO Tb_Pais (codigoNUM, codigoALP2, codigoALP3) VALUES ('566', 'NG', 'NGA');
INSERT INTO Tb_Pais (codigoNUM, codigoALP2, codigoALP3) VALUES ('570', 'NU', 'NIU');
INSERT INTO Tb_Pais (codigoNUM, codigoALP2, codigoALP3) VALUES ('574', 'NF', 'NFK');
INSERT INTO Tb_Pais (codigoNUM, codigoALP2, codigoALP3) VALUES ('578', 'NO', 'NOR');
INSERT INTO Tb_Pais (codigoNUM, codigoALP2, codigoALP3) VALUES ('540', 'NC', 'NCL');
INSERT INTO Tb_Pais (codigoNUM, codigoALP2, codigoALP3) VALUES ('554', 'NZ', 'NZL');
INSERT INTO Tb_Pais (codigoNUM, codigoALP2, codigoALP3) VALUES ('512', 'OM', 'OMN');
INSERT INTO Tb_Pais (codigoNUM, codigoALP2, codigoALP3) VALUES ('528', 'NL', 'NLD');
INSERT INTO Tb_Pais (codigoNUM, codigoALP2, codigoALP3) VALUES ('586', 'PK', 'PAK');
INSERT INTO Tb_Pais (codigoNUM, codigoALP2, codigoALP3) VALUES ('585', 'PW', 'PLW');
INSERT INTO Tb_Pais (codigoNUM, codigoALP2, codigoALP3) VALUES ('275', 'PS', 'PSE');
INSERT INTO Tb_Pais (codigoNUM, codigoALP2, codigoALP3) VALUES ('591', 'PA', 'PAN');
INSERT INTO Tb_Pais (codigoNUM, codigoALP2, codigoALP3) VALUES ('598', 'PG', 'PNG');
INSERT INTO Tb_Pais (codigoNUM, codigoALP2, codigoALP3) VALUES ('600', 'PY', 'PRY');
INSERT INTO Tb_Pais (codigoNUM, codigoALP2, codigoALP3) VALUES ('604', 'PE', 'PER');
INSERT INTO Tb_Pais (codigoNUM, codigoALP2, codigoALP3) VALUES ('612', 'PN', 'PCN');
INSERT INTO Tb_Pais (codigoNUM, codigoALP2, codigoALP3) VALUES ('258', 'PF', 'PYF');
INSERT INTO Tb_Pais (codigoNUM, codigoALP2, codigoALP3) VALUES ('616', 'PL', 'POL');
INSERT INTO Tb_Pais (codigoNUM, codigoALP2, codigoALP3) VALUES ('620', 'PT', 'PRT');
INSERT INTO Tb_Pais (codigoNUM, codigoALP2, codigoALP3) VALUES ('630', 'PR', 'PRI');
INSERT INTO Tb_Pais (codigoNUM, codigoALP2, codigoALP3) VALUES ('634', 'QA', 'QAT');
INSERT INTO Tb_Pais (codigoNUM, codigoALP2, codigoALP3) VALUES ('826', 'GB', 'GBR');
INSERT INTO Tb_Pais (codigoNUM, codigoALP2, codigoALP3) VALUES ('638', 'RE', 'REU');
INSERT INTO Tb_Pais (codigoNUM, codigoALP2, codigoALP3) VALUES ('646', 'RW', 'RWA');
INSERT INTO Tb_Pais (codigoNUM, codigoALP2, codigoALP3) VALUES ('642', 'RO', 'ROU');
INSERT INTO Tb_Pais (codigoNUM, codigoALP2, codigoALP3) VALUES ('643', 'RU', 'RUS');
INSERT INTO Tb_Pais (codigoNUM, codigoALP2, codigoALP3) VALUES ('732', 'EH', 'ESH');
INSERT INTO Tb_Pais (codigoNUM, codigoALP2, codigoALP3) VALUES ('090', 'SB', 'SLB');
INSERT INTO Tb_Pais (codigoNUM, codigoALP2, codigoALP3) VALUES ('882', 'WS', 'WSM');
INSERT INTO Tb_Pais (codigoNUM, codigoALP2, codigoALP3) VALUES ('016', 'AS', 'ASM');
INSERT INTO Tb_Pais (codigoNUM, codigoALP2, codigoALP3) VALUES ('659', 'KN', 'KNA');
INSERT INTO Tb_Pais (codigoNUM, codigoALP2, codigoALP3) VALUES ('674', 'SM', 'SMR');
INSERT INTO Tb_Pais (codigoNUM, codigoALP2, codigoALP3) VALUES ('666', 'PM', 'SPM');
INSERT INTO Tb_Pais (codigoNUM, codigoALP2, codigoALP3) VALUES ('670', 'VC', 'VCT');
INSERT INTO Tb_Pais (codigoNUM, codigoALP2, codigoALP3) VALUES ('654', 'SH', 'SHN');
INSERT INTO Tb_Pais (codigoNUM, codigoALP2, codigoALP3) VALUES ('662', 'LC', 'LCA');
INSERT INTO Tb_Pais (codigoNUM, codigoALP2, codigoALP3) VALUES ('678', 'ST', 'STP');
INSERT INTO Tb_Pais (codigoNUM, codigoALP2, codigoALP3) VALUES ('686', 'SN', 'SEN');
INSERT INTO Tb_Pais (codigoNUM, codigoALP2, codigoALP3) VALUES ('891', 'CS', 'SCG');
INSERT INTO Tb_Pais (codigoNUM, codigoALP2, codigoALP3) VALUES ('690', 'SC', 'SYC');
INSERT INTO Tb_Pais (codigoNUM, codigoALP2, codigoALP3) VALUES ('694', 'SL', 'SLE');
INSERT INTO Tb_Pais (codigoNUM, codigoALP2, codigoALP3) VALUES ('702', 'SG', 'SGP');
INSERT INTO Tb_Pais (codigoNUM, codigoALP2, codigoALP3) VALUES ('760', 'SY', 'SYR');
INSERT INTO Tb_Pais (codigoNUM, codigoALP2, codigoALP3) VALUES ('706', 'SO', 'SOM');
INSERT INTO Tb_Pais (codigoNUM, codigoALP2, codigoALP3) VALUES ('144', 'LK', 'LKA');
INSERT INTO Tb_Pais (codigoNUM, codigoALP2, codigoALP3) VALUES ('748', 'SZ', 'SWZ');
INSERT INTO Tb_Pais (codigoNUM, codigoALP2, codigoALP3) VALUES ('710', 'ZA', 'ZAF');
INSERT INTO Tb_Pais (codigoNUM, codigoALP2, codigoALP3) VALUES ('736', 'SD', 'SDN');
INSERT INTO Tb_Pais (codigoNUM, codigoALP2, codigoALP3) VALUES ('752', 'SE', 'SWE');
INSERT INTO Tb_Pais (codigoNUM, codigoALP2, codigoALP3) VALUES ('756', 'CH', 'CHE');
INSERT INTO Tb_Pais (codigoNUM, codigoALP2, codigoALP3) VALUES ('740', 'SR', 'SUR');
INSERT INTO Tb_Pais (codigoNUM, codigoALP2, codigoALP3) VALUES ('744', 'SJ', 'SJM');
INSERT INTO Tb_Pais (codigoNUM, codigoALP2, codigoALP3) VALUES ('764', 'TH', 'THA');
INSERT INTO Tb_Pais (codigoNUM, codigoALP2, codigoALP3) VALUES ('158', 'TW', 'TWN');
INSERT INTO Tb_Pais (codigoNUM, codigoALP2, codigoALP3) VALUES ('834', 'TZ', 'TZA');
INSERT INTO Tb_Pais (codigoNUM, codigoALP2, codigoALP3) VALUES ('762', 'TJ', 'TJK');
INSERT INTO Tb_Pais (codigoNUM, codigoALP2, codigoALP3) VALUES ('086', 'IO', 'IOT');
INSERT INTO Tb_Pais (codigoNUM, codigoALP2, codigoALP3) VALUES ('260', 'TF', 'ATF');
INSERT INTO Tb_Pais (codigoNUM, codigoALP2, codigoALP3) VALUES ('626', 'TL', 'TLS');
INSERT INTO Tb_Pais (codigoNUM, codigoALP2, codigoALP3) VALUES ('768', 'TG', 'TGO');
INSERT INTO Tb_Pais (codigoNUM, codigoALP2, codigoALP3) VALUES ('772', 'TK', 'TKL');
INSERT INTO Tb_Pais (codigoNUM, codigoALP2, codigoALP3) VALUES ('776', 'TO', 'TON');
INSERT INTO Tb_Pais (codigoNUM, codigoALP2, codigoALP3) VALUES ('780', 'TT', 'TTO');
INSERT INTO Tb_Pais (codigoNUM, codigoALP2, codigoALP3) VALUES ('788', 'TN', 'TUN');
INSERT INTO Tb_Pais (codigoNUM, codigoALP2, codigoALP3) VALUES ('796', 'TC', 'TCA');
INSERT INTO Tb_Pais (codigoNUM, codigoALP2, codigoALP3) VALUES ('795', 'TM', 'TKM');
INSERT INTO Tb_Pais (codigoNUM, codigoALP2, codigoALP3) VALUES ('792', 'TR', 'TUR');
INSERT INTO Tb_Pais (codigoNUM, codigoALP2, codigoALP3) VALUES ('798', 'TV', 'TUV');
INSERT INTO Tb_Pais (codigoNUM, codigoALP2, codigoALP3) VALUES ('804', 'UA', 'UKR');
INSERT INTO Tb_Pais (codigoNUM, codigoALP2, codigoALP3) VALUES ('800', 'UG', 'UGA');
INSERT INTO Tb_Pais (codigoNUM, codigoALP2, codigoALP3) VALUES ('858', 'UY', 'URY');
INSERT INTO Tb_Pais (codigoNUM, codigoALP2, codigoALP3) VALUES ('860', 'UZ', 'UZB');
INSERT INTO Tb_Pais (codigoNUM, codigoALP2, codigoALP3) VALUES ('548', 'VU', 'VUT');
INSERT INTO Tb_Pais (codigoNUM, codigoALP2, codigoALP3) VALUES ('862', 'VE', 'VEN');
INSERT INTO Tb_Pais (codigoNUM, codigoALP2, codigoALP3) VALUES ('704', 'VN', 'VNM');
INSERT INTO Tb_Pais (codigoNUM, codigoALP2, codigoALP3) VALUES ('092', 'VG', 'VGB');
INSERT INTO Tb_Pais (codigoNUM, codigoALP2, codigoALP3) VALUES ('850', 'VI', 'VIR');
INSERT INTO Tb_Pais (codigoNUM, codigoALP2, codigoALP3) VALUES ('876', 'WF', 'WLF');
INSERT INTO Tb_Pais (codigoNUM, codigoALP2, codigoALP3) VALUES ('887', 'YE', 'YEM');
INSERT INTO Tb_Pais (codigoNUM, codigoALP2, codigoALP3) VALUES ('262', 'DJ', 'DJI');
INSERT INTO Tb_Pais (codigoNUM, codigoALP2, codigoALP3) VALUES ('894', 'ZM', 'ZMB');
INSERT INTO Tb_Pais (codigoNUM, codigoALP2, codigoALP3) VALUES ('716', 'ZW', 'ZWE');

CREATE TEMPORARY TABLE temp (codigoNUM CHAR(3), codigoALP2 CHAR(2), codigoALP3 CHAR(3), pais VARCHAR(50));

-- VERSION ESPAÑOL
INSERT INTO temp (codigoNUM, codigoALP2, codigoALP3, pais) VALUES ('004', 'AF', 'AFG', 'Afganistán');
INSERT INTO temp (codigoNUM, codigoALP2, codigoALP3, pais) VALUES ('248', 'AX', 'ALA', 'Islas Gland');
INSERT INTO temp (codigoNUM, codigoALP2, codigoALP3, pais) VALUES ('008', 'AL', 'ALB', 'Albania');
INSERT INTO temp (codigoNUM, codigoALP2, codigoALP3, pais) VALUES ('276', 'DE', 'DEU', 'Alemania');
INSERT INTO temp (codigoNUM, codigoALP2, codigoALP3, pais) VALUES ('020', 'AD', 'AND', 'Andorra');
INSERT INTO temp (codigoNUM, codigoALP2, codigoALP3, pais) VALUES ('024', 'AO', 'AGO', 'Angola');
INSERT INTO temp (codigoNUM, codigoALP2, codigoALP3, pais) VALUES ('660', 'AI', 'AIA', 'Anguilla');
INSERT INTO temp (codigoNUM, codigoALP2, codigoALP3, pais) VALUES ('010', 'AQ', 'ATA', 'Antártida');
INSERT INTO temp (codigoNUM, codigoALP2, codigoALP3, pais) VALUES ('028', 'AG', 'ATG', 'Antigua y Barbuda');
INSERT INTO temp (codigoNUM, codigoALP2, codigoALP3, pais) VALUES ('530', 'AN', 'ANT', 'Antillas Holandesas');
INSERT INTO temp (codigoNUM, codigoALP2, codigoALP3, pais) VALUES ('682', 'SA', 'SAU', 'Arabia Saudí');
INSERT INTO temp (codigoNUM, codigoALP2, codigoALP3, pais) VALUES ('012', 'DZ', 'DZA', 'Argelia');
INSERT INTO temp (codigoNUM, codigoALP2, codigoALP3, pais) VALUES ('032', 'AR', 'ARG', 'Argentina');
INSERT INTO temp (codigoNUM, codigoALP2, codigoALP3, pais) VALUES ('051', 'AM', 'ARM', 'Armenia');
INSERT INTO temp (codigoNUM, codigoALP2, codigoALP3, pais) VALUES ('533', 'AW', 'ABW', 'Aruba');
INSERT INTO temp (codigoNUM, codigoALP2, codigoALP3, pais) VALUES ('036', 'AU', 'AUS', 'Australia');
INSERT INTO temp (codigoNUM, codigoALP2, codigoALP3, pais) VALUES ('040', 'AT', 'AUT', 'Austria');
INSERT INTO temp (codigoNUM, codigoALP2, codigoALP3, pais) VALUES ('031', 'AZ', 'AZE', 'Azerbaiyán');
INSERT INTO temp (codigoNUM, codigoALP2, codigoALP3, pais) VALUES ('044', 'BS', 'BHS', 'Bahamas');
INSERT INTO temp (codigoNUM, codigoALP2, codigoALP3, pais) VALUES ('048', 'BH', 'BHR', 'Bahréin');
INSERT INTO temp (codigoNUM, codigoALP2, codigoALP3, pais) VALUES ('050', 'BD', 'BGD', 'Bangladesh');
INSERT INTO temp (codigoNUM, codigoALP2, codigoALP3, pais) VALUES ('052', 'BB', 'BRB', 'Barbados');
INSERT INTO temp (codigoNUM, codigoALP2, codigoALP3, pais) VALUES ('112', 'BY', 'BLR', 'Bielorrusia');
INSERT INTO temp (codigoNUM, codigoALP2, codigoALP3, pais) VALUES ('056', 'BE', 'BEL', 'Bélgica');
INSERT INTO temp (codigoNUM, codigoALP2, codigoALP3, pais) VALUES ('084', 'BZ', 'BLZ', 'Belice');
INSERT INTO temp (codigoNUM, codigoALP2, codigoALP3, pais) VALUES ('204', 'BJ', 'BEN', 'Benin');
INSERT INTO temp (codigoNUM, codigoALP2, codigoALP3, pais) VALUES ('060', 'BM', 'BMU', 'Bermudas');
INSERT INTO temp (codigoNUM, codigoALP2, codigoALP3, pais) VALUES ('064', 'BT', 'BTN', 'Bhután');
INSERT INTO temp (codigoNUM, codigoALP2, codigoALP3, pais) VALUES ('068', 'BO', 'BOL', 'Bolivia');
INSERT INTO temp (codigoNUM, codigoALP2, codigoALP3, pais) VALUES ('070', 'BA', 'BIH', 'Bosnia y Herzegovina');
INSERT INTO temp (codigoNUM, codigoALP2, codigoALP3, pais) VALUES ('072', 'BW', 'BWA', 'Botsuana');
INSERT INTO temp (codigoNUM, codigoALP2, codigoALP3, pais) VALUES ('074', 'BV', 'BVT', 'Isla Bouvet');
INSERT INTO temp (codigoNUM, codigoALP2, codigoALP3, pais) VALUES ('076', 'BR', 'BRA', 'Brasil');
INSERT INTO temp (codigoNUM, codigoALP2, codigoALP3, pais) VALUES ('096', 'BN', 'BRN', 'Brunéi');
INSERT INTO temp (codigoNUM, codigoALP2, codigoALP3, pais) VALUES ('100', 'BG', 'BGR', 'Bulgaria');
INSERT INTO temp (codigoNUM, codigoALP2, codigoALP3, pais) VALUES ('854', 'BF', 'BFA', 'Burkina Faso');
INSERT INTO temp (codigoNUM, codigoALP2, codigoALP3, pais) VALUES ('108', 'BI', 'BDI', 'Burundi');
INSERT INTO temp (codigoNUM, codigoALP2, codigoALP3, pais) VALUES ('132', 'CV', 'CPV', 'Cabo Verde');
INSERT INTO temp (codigoNUM, codigoALP2, codigoALP3, pais) VALUES ('136', 'KY', 'CYM', 'Islas Caimán');
INSERT INTO temp (codigoNUM, codigoALP2, codigoALP3, pais) VALUES ('116', 'KH', 'KHM', 'Camboya');
INSERT INTO temp (codigoNUM, codigoALP2, codigoALP3, pais) VALUES ('120', 'CM', 'CMR', 'Camerún');
INSERT INTO temp (codigoNUM, codigoALP2, codigoALP3, pais) VALUES ('124', 'CA', 'CAN', 'Canadá');
INSERT INTO temp (codigoNUM, codigoALP2, codigoALP3, pais) VALUES ('140', 'CF', 'CAF', 'República Centroafricana');
INSERT INTO temp (codigoNUM, codigoALP2, codigoALP3, pais) VALUES ('148', 'TD', 'TCD', 'Chad');
INSERT INTO temp (codigoNUM, codigoALP2, codigoALP3, pais) VALUES ('203', 'CZ', 'CZE', 'República Checa');
INSERT INTO temp (codigoNUM, codigoALP2, codigoALP3, pais) VALUES ('152', 'CL', 'CHL', 'Chile');
INSERT INTO temp (codigoNUM, codigoALP2, codigoALP3, pais) VALUES ('156', 'CN', 'CHN', 'China');
INSERT INTO temp (codigoNUM, codigoALP2, codigoALP3, pais) VALUES ('196', 'CY', 'CYP', 'Chipre');
INSERT INTO temp (codigoNUM, codigoALP2, codigoALP3, pais) VALUES ('162', 'CX', 'CXR', 'Isla de Navidad');
INSERT INTO temp (codigoNUM, codigoALP2, codigoALP3, pais) VALUES ('336', 'VA', 'VAT', 'Ciudad del Vaticano');
INSERT INTO temp (codigoNUM, codigoALP2, codigoALP3, pais) VALUES ('166', 'CC', 'CCK', 'Islas Cocos');
INSERT INTO temp (codigoNUM, codigoALP2, codigoALP3, pais) VALUES ('170', 'CO', 'COL', 'Colombia');
INSERT INTO temp (codigoNUM, codigoALP2, codigoALP3, pais) VALUES ('174', 'KM', 'COM', 'Comoras');
INSERT INTO temp (codigoNUM, codigoALP2, codigoALP3, pais) VALUES ('180', 'CD', 'COD', 'República Democrática del Congo');
INSERT INTO temp (codigoNUM, codigoALP2, codigoALP3, pais) VALUES ('178', 'CG', 'COG', 'Congo');
INSERT INTO temp (codigoNUM, codigoALP2, codigoALP3, pais) VALUES ('184', 'CK', 'COK', 'Islas Cook');
INSERT INTO temp (codigoNUM, codigoALP2, codigoALP3, pais) VALUES ('408', 'KP', 'PRK', 'Corea del Norte');
INSERT INTO temp (codigoNUM, codigoALP2, codigoALP3, pais) VALUES ('410', 'KR', 'KOR', 'Corea del Sur');
INSERT INTO temp (codigoNUM, codigoALP2, codigoALP3, pais) VALUES ('384', 'CI', 'CIV', 'Costa de Marfil');
INSERT INTO temp (codigoNUM, codigoALP2, codigoALP3, pais) VALUES ('188', 'CR', 'CRI', 'Costa Rica');
INSERT INTO temp (codigoNUM, codigoALP2, codigoALP3, pais) VALUES ('191', 'HR', 'HRV', 'Croacia');
INSERT INTO temp (codigoNUM, codigoALP2, codigoALP3, pais) VALUES ('192', 'CU', 'CUB', 'Cuba');
INSERT INTO temp (codigoNUM, codigoALP2, codigoALP3, pais) VALUES ('208', 'DK', 'DNK', 'Dinamarca');
INSERT INTO temp (codigoNUM, codigoALP2, codigoALP3, pais) VALUES ('212', 'DM', 'DMA', 'Dominica');
INSERT INTO temp (codigoNUM, codigoALP2, codigoALP3, pais) VALUES ('214', 'DO', 'DOM', 'República Dominicana');
INSERT INTO temp (codigoNUM, codigoALP2, codigoALP3, pais) VALUES ('218', 'EC', 'ECU', 'Ecuador');
INSERT INTO temp (codigoNUM, codigoALP2, codigoALP3, pais) VALUES ('818', 'EG', 'EGY', 'Egipto');
INSERT INTO temp (codigoNUM, codigoALP2, codigoALP3, pais) VALUES ('222', 'SV', 'SLV', 'El Salvador');
INSERT INTO temp (codigoNUM, codigoALP2, codigoALP3, pais) VALUES ('784', 'AE', 'ARE', 'Emiratos Árabes Unidos');
INSERT INTO temp (codigoNUM, codigoALP2, codigoALP3, pais) VALUES ('232', 'ER', 'ERI', 'Eritrea');
INSERT INTO temp (codigoNUM, codigoALP2, codigoALP3, pais) VALUES ('703', 'SK', 'SVK', 'Eslovaquia');
INSERT INTO temp (codigoNUM, codigoALP2, codigoALP3, pais) VALUES ('705', 'SI', 'SVN', 'Eslovenia');
INSERT INTO temp (codigoNUM, codigoALP2, codigoALP3, pais) VALUES ('724', 'ES', 'ESP', 'España');
INSERT INTO temp (codigoNUM, codigoALP2, codigoALP3, pais) VALUES ('581', 'UM', 'UMI', 'Islas ultramarinas de Estados Unidos');
INSERT INTO temp (codigoNUM, codigoALP2, codigoALP3, pais) VALUES ('840', 'US', 'USA', 'Estados Unidos');
INSERT INTO temp (codigoNUM, codigoALP2, codigoALP3, pais) VALUES ('233', 'EE', 'EST', 'Estonia');
INSERT INTO temp (codigoNUM, codigoALP2, codigoALP3, pais) VALUES ('231', 'ET', 'ETH', 'Etiopía');
INSERT INTO temp (codigoNUM, codigoALP2, codigoALP3, pais) VALUES ('234', 'FO', 'FRO', 'Islas Feroe');
INSERT INTO temp (codigoNUM, codigoALP2, codigoALP3, pais) VALUES ('608', 'PH', 'PHL', 'Filipinas');
INSERT INTO temp (codigoNUM, codigoALP2, codigoALP3, pais) VALUES ('246', 'FI', 'FIN', 'Finlandia');
INSERT INTO temp (codigoNUM, codigoALP2, codigoALP3, pais) VALUES ('242', 'FJ', 'FJI', 'Fiyi');
INSERT INTO temp (codigoNUM, codigoALP2, codigoALP3, pais) VALUES ('250', 'FR', 'FRA', 'Francia');
INSERT INTO temp (codigoNUM, codigoALP2, codigoALP3, pais) VALUES ('266', 'GA', 'GAB', 'Gabón');
INSERT INTO temp (codigoNUM, codigoALP2, codigoALP3, pais) VALUES ('270', 'GM', 'GMB', 'Gambia');
INSERT INTO temp (codigoNUM, codigoALP2, codigoALP3, pais) VALUES ('268', 'GE', 'GEO', 'Georgia');
INSERT INTO temp (codigoNUM, codigoALP2, codigoALP3, pais) VALUES ('239', 'GS', 'SGS', 'Islas Georgias del Sur y Sandwich del Sur');
INSERT INTO temp (codigoNUM, codigoALP2, codigoALP3, pais) VALUES ('288', 'GH', 'GHA', 'Ghana');
INSERT INTO temp (codigoNUM, codigoALP2, codigoALP3, pais) VALUES ('292', 'GI', 'GIB', 'Gibraltar');
INSERT INTO temp (codigoNUM, codigoALP2, codigoALP3, pais) VALUES ('308', 'GD', 'GRD', 'Granada');
INSERT INTO temp (codigoNUM, codigoALP2, codigoALP3, pais) VALUES ('300', 'GR', 'GRC', 'Grecia');
INSERT INTO temp (codigoNUM, codigoALP2, codigoALP3, pais) VALUES ('304', 'GL', 'GRL', 'Groenlandia');
INSERT INTO temp (codigoNUM, codigoALP2, codigoALP3, pais) VALUES ('312', 'GP', 'GLP', 'Guadalupe');
INSERT INTO temp (codigoNUM, codigoALP2, codigoALP3, pais) VALUES ('316', 'GU', 'GUM', 'Guam');
INSERT INTO temp (codigoNUM, codigoALP2, codigoALP3, pais) VALUES ('320', 'GT', 'GTM', 'Guatemala');
INSERT INTO temp (codigoNUM, codigoALP2, codigoALP3, pais) VALUES ('254', 'GF', 'GUF', 'Guayana Francesa');
INSERT INTO temp (codigoNUM, codigoALP2, codigoALP3, pais) VALUES ('324', 'GN', 'GIN', 'Guinea');
INSERT INTO temp (codigoNUM, codigoALP2, codigoALP3, pais) VALUES ('226', 'GQ', 'GNQ', 'Guinea Ecuatorial');
INSERT INTO temp (codigoNUM, codigoALP2, codigoALP3, pais) VALUES ('624', 'GW', 'GNB', 'Guinea-Bissau');
INSERT INTO temp (codigoNUM, codigoALP2, codigoALP3, pais) VALUES ('328', 'GY', 'GUY', 'Guyana');
INSERT INTO temp (codigoNUM, codigoALP2, codigoALP3, pais) VALUES ('332', 'HT', 'HTI', 'Haití');
INSERT INTO temp (codigoNUM, codigoALP2, codigoALP3, pais) VALUES ('334', 'HM', 'HMD', 'Islas Heard y McDonald');
INSERT INTO temp (codigoNUM, codigoALP2, codigoALP3, pais) VALUES ('340', 'HN', 'HND', 'Honduras');
INSERT INTO temp (codigoNUM, codigoALP2, codigoALP3, pais) VALUES ('344', 'HK', 'HKG', 'Hong Kong');
INSERT INTO temp (codigoNUM, codigoALP2, codigoALP3, pais) VALUES ('348', 'HU', 'HUN', 'Hungría');
INSERT INTO temp (codigoNUM, codigoALP2, codigoALP3, pais) VALUES ('356', 'IN', 'IND', 'India');
INSERT INTO temp (codigoNUM, codigoALP2, codigoALP3, pais) VALUES ('360', 'ID', 'IDN', 'Indonesia');
INSERT INTO temp (codigoNUM, codigoALP2, codigoALP3, pais) VALUES ('364', 'IR', 'IRN', 'Irán');
INSERT INTO temp (codigoNUM, codigoALP2, codigoALP3, pais) VALUES ('368', 'IQ', 'IRQ', 'Iraq');
INSERT INTO temp (codigoNUM, codigoALP2, codigoALP3, pais) VALUES ('372', 'IE', 'IRL', 'Irlanda');
INSERT INTO temp (codigoNUM, codigoALP2, codigoALP3, pais) VALUES ('352', 'IS', 'ISL', 'Islandia');
INSERT INTO temp (codigoNUM, codigoALP2, codigoALP3, pais) VALUES ('376', 'IL', 'ISR', 'Israel');
INSERT INTO temp (codigoNUM, codigoALP2, codigoALP3, pais) VALUES ('380', 'IT', 'ITA', 'Italia');
INSERT INTO temp (codigoNUM, codigoALP2, codigoALP3, pais) VALUES ('388', 'JM', 'JAM', 'Jamaica');
INSERT INTO temp (codigoNUM, codigoALP2, codigoALP3, pais) VALUES ('392', 'JP', 'JPN', 'Japón');
INSERT INTO temp (codigoNUM, codigoALP2, codigoALP3, pais) VALUES ('400', 'JO', 'JOR', 'Jordania');
INSERT INTO temp (codigoNUM, codigoALP2, codigoALP3, pais) VALUES ('398', 'KZ', 'KAZ', 'Kazajstán');
INSERT INTO temp (codigoNUM, codigoALP2, codigoALP3, pais) VALUES ('404', 'KE', 'KEN', 'Kenia');
INSERT INTO temp (codigoNUM, codigoALP2, codigoALP3, pais) VALUES ('417', 'KG', 'KGZ', 'Kirguistán');
INSERT INTO temp (codigoNUM, codigoALP2, codigoALP3, pais) VALUES ('296', 'KI', 'KIR', 'Kiribati');
INSERT INTO temp (codigoNUM, codigoALP2, codigoALP3, pais) VALUES ('414', 'KW', 'KWT', 'Kuwait');
INSERT INTO temp (codigoNUM, codigoALP2, codigoALP3, pais) VALUES ('418', 'LA', 'LAO', 'Laos');
INSERT INTO temp (codigoNUM, codigoALP2, codigoALP3, pais) VALUES ('426', 'LS', 'LSO', 'Lesotho');
INSERT INTO temp (codigoNUM, codigoALP2, codigoALP3, pais) VALUES ('428', 'LV', 'LVA', 'Letonia');
INSERT INTO temp (codigoNUM, codigoALP2, codigoALP3, pais) VALUES ('422', 'LB', 'LBN', 'Líbano');
INSERT INTO temp (codigoNUM, codigoALP2, codigoALP3, pais) VALUES ('430', 'LR', 'LBR', 'Liberia');
INSERT INTO temp (codigoNUM, codigoALP2, codigoALP3, pais) VALUES ('434', 'LY', 'LBY', 'Libia');
INSERT INTO temp (codigoNUM, codigoALP2, codigoALP3, pais) VALUES ('438', 'LI', 'LIE', 'Liechtenstein');
INSERT INTO temp (codigoNUM, codigoALP2, codigoALP3, pais) VALUES ('440', 'LT', 'LTU', 'Lituania');
INSERT INTO temp (codigoNUM, codigoALP2, codigoALP3, pais) VALUES ('442', 'LU', 'LUX', 'Luxemburgo');
INSERT INTO temp (codigoNUM, codigoALP2, codigoALP3, pais) VALUES ('446', 'MO', 'MAC', 'Macao');
INSERT INTO temp (codigoNUM, codigoALP2, codigoALP3, pais) VALUES ('807', 'MK', 'MKD', 'ARY Macedonia');
INSERT INTO temp (codigoNUM, codigoALP2, codigoALP3, pais) VALUES ('450', 'MG', 'MDG', 'Madagascar');
INSERT INTO temp (codigoNUM, codigoALP2, codigoALP3, pais) VALUES ('458', 'MY', 'MYS', 'Malasia');
INSERT INTO temp (codigoNUM, codigoALP2, codigoALP3, pais) VALUES ('454', 'MW', 'MWI', 'Malawi');
INSERT INTO temp (codigoNUM, codigoALP2, codigoALP3, pais) VALUES ('462', 'MV', 'MDV', 'Maldivas');
INSERT INTO temp (codigoNUM, codigoALP2, codigoALP3, pais) VALUES ('466', 'ML', 'MLI', 'Malí');
INSERT INTO temp (codigoNUM, codigoALP2, codigoALP3, pais) VALUES ('470', 'MT', 'MLT', 'Malta');
INSERT INTO temp (codigoNUM, codigoALP2, codigoALP3, pais) VALUES ('238', 'FK', 'FLK', 'Islas Malvinas');
INSERT INTO temp (codigoNUM, codigoALP2, codigoALP3, pais) VALUES ('580', 'MP', 'MNP', 'Islas Marianas del Norte');
INSERT INTO temp (codigoNUM, codigoALP2, codigoALP3, pais) VALUES ('504', 'MA', 'MAR', 'Marruecos');
INSERT INTO temp (codigoNUM, codigoALP2, codigoALP3, pais) VALUES ('584', 'MH', 'MHL', 'Islas Marshall');
INSERT INTO temp (codigoNUM, codigoALP2, codigoALP3, pais) VALUES ('474', 'MQ', 'MTQ', 'Martinica');
INSERT INTO temp (codigoNUM, codigoALP2, codigoALP3, pais) VALUES ('480', 'MU', 'MUS', 'Mauricio');
INSERT INTO temp (codigoNUM, codigoALP2, codigoALP3, pais) VALUES ('478', 'MR', 'MRT', 'Mauritania');
INSERT INTO temp (codigoNUM, codigoALP2, codigoALP3, pais) VALUES ('175', 'YT', 'MYT', 'Mayotte');
INSERT INTO temp (codigoNUM, codigoALP2, codigoALP3, pais) VALUES ('484', 'MX', 'MEX', 'México');
INSERT INTO temp (codigoNUM, codigoALP2, codigoALP3, pais) VALUES ('583', 'FM', 'FSM', 'Micronesia');
INSERT INTO temp (codigoNUM, codigoALP2, codigoALP3, pais) VALUES ('498', 'MD', 'MDA', 'Moldavia');
INSERT INTO temp (codigoNUM, codigoALP2, codigoALP3, pais) VALUES ('492', 'MC', 'MCO', 'Mónaco');
INSERT INTO temp (codigoNUM, codigoALP2, codigoALP3, pais) VALUES ('496', 'MN', 'MNG', 'Mongolia');
INSERT INTO temp (codigoNUM, codigoALP2, codigoALP3, pais) VALUES ('500', 'MS', 'MSR', 'Montserrat');
INSERT INTO temp (codigoNUM, codigoALP2, codigoALP3, pais) VALUES ('508', 'MZ', 'MOZ', 'Mozambique');
INSERT INTO temp (codigoNUM, codigoALP2, codigoALP3, pais) VALUES ('104', 'MM', 'MMR', 'Myanmar');
INSERT INTO temp (codigoNUM, codigoALP2, codigoALP3, pais) VALUES ('516', 'NA', 'NAM', 'Namibia');
INSERT INTO temp (codigoNUM, codigoALP2, codigoALP3, pais) VALUES ('520', 'NR', 'NRU', 'Nauru');
INSERT INTO temp (codigoNUM, codigoALP2, codigoALP3, pais) VALUES ('524', 'NP', 'NPL', 'Nepal');
INSERT INTO temp (codigoNUM, codigoALP2, codigoALP3, pais) VALUES ('558', 'NI', 'NIC', 'Nicaragua');
INSERT INTO temp (codigoNUM, codigoALP2, codigoALP3, pais) VALUES ('562', 'NE', 'NER', 'Níger');
INSERT INTO temp (codigoNUM, codigoALP2, codigoALP3, pais) VALUES ('566', 'NG', 'NGA', 'Nigeria');
INSERT INTO temp (codigoNUM, codigoALP2, codigoALP3, pais) VALUES ('570', 'NU', 'NIU', 'Niue');
INSERT INTO temp (codigoNUM, codigoALP2, codigoALP3, pais) VALUES ('574', 'NF', 'NFK', 'Isla Norfolk');
INSERT INTO temp (codigoNUM, codigoALP2, codigoALP3, pais) VALUES ('578', 'NO', 'NOR', 'Noruega');
INSERT INTO temp (codigoNUM, codigoALP2, codigoALP3, pais) VALUES ('540', 'NC', 'NCL', 'Nueva Caledonia');
INSERT INTO temp (codigoNUM, codigoALP2, codigoALP3, pais) VALUES ('554', 'NZ', 'NZL', 'Nueva Zelanda');
INSERT INTO temp (codigoNUM, codigoALP2, codigoALP3, pais) VALUES ('512', 'OM', 'OMN', 'Omán');
INSERT INTO temp (codigoNUM, codigoALP2, codigoALP3, pais) VALUES ('528', 'NL', 'NLD', 'Países Bajos');
INSERT INTO temp (codigoNUM, codigoALP2, codigoALP3, pais) VALUES ('586', 'PK', 'PAK', 'Pakistán');
INSERT INTO temp (codigoNUM, codigoALP2, codigoALP3, pais) VALUES ('585', 'PW', 'PLW', 'Palau');
INSERT INTO temp (codigoNUM, codigoALP2, codigoALP3, pais) VALUES ('275', 'PS', 'PSE', 'Palestina');
INSERT INTO temp (codigoNUM, codigoALP2, codigoALP3, pais) VALUES ('591', 'PA', 'PAN', 'Panamá');
INSERT INTO temp (codigoNUM, codigoALP2, codigoALP3, pais) VALUES ('598', 'PG', 'PNG', 'Papúa Nueva Guinea');
INSERT INTO temp (codigoNUM, codigoALP2, codigoALP3, pais) VALUES ('600', 'PY', 'PRY', 'Paraguay');
INSERT INTO temp (codigoNUM, codigoALP2, codigoALP3, pais) VALUES ('604', 'PE', 'PER', 'Perú');
INSERT INTO temp (codigoNUM, codigoALP2, codigoALP3, pais) VALUES ('612', 'PN', 'PCN', 'Islas Pitcairn');
INSERT INTO temp (codigoNUM, codigoALP2, codigoALP3, pais) VALUES ('258', 'PF', 'PYF', 'Polinesia Francesa');
INSERT INTO temp (codigoNUM, codigoALP2, codigoALP3, pais) VALUES ('616', 'PL', 'POL', 'Polonia');
INSERT INTO temp (codigoNUM, codigoALP2, codigoALP3, pais) VALUES ('620', 'PT', 'PRT', 'Portugal');
INSERT INTO temp (codigoNUM, codigoALP2, codigoALP3, pais) VALUES ('630', 'PR', 'PRI', 'Puerto Rico');
INSERT INTO temp (codigoNUM, codigoALP2, codigoALP3, pais) VALUES ('634', 'QA', 'QAT', 'Qatar');
INSERT INTO temp (codigoNUM, codigoALP2, codigoALP3, pais) VALUES ('826', 'GB', 'GBR', 'Reino Unido');
INSERT INTO temp (codigoNUM, codigoALP2, codigoALP3, pais) VALUES ('638', 'RE', 'REU', 'Reunión');
INSERT INTO temp (codigoNUM, codigoALP2, codigoALP3, pais) VALUES ('646', 'RW', 'RWA', 'Ruanda');
INSERT INTO temp (codigoNUM, codigoALP2, codigoALP3, pais) VALUES ('642', 'RO', 'ROU', 'Rumania');
INSERT INTO temp (codigoNUM, codigoALP2, codigoALP3, pais) VALUES ('643', 'RU', 'RUS', 'Rusia');
INSERT INTO temp (codigoNUM, codigoALP2, codigoALP3, pais) VALUES ('732', 'EH', 'ESH', 'Sahara Occidental');
INSERT INTO temp (codigoNUM, codigoALP2, codigoALP3, pais) VALUES ('090', 'SB', 'SLB', 'Islas Salomón');
INSERT INTO temp (codigoNUM, codigoALP2, codigoALP3, pais) VALUES ('882', 'WS', 'WSM', 'Samoa');
INSERT INTO temp (codigoNUM, codigoALP2, codigoALP3, pais) VALUES ('016', 'AS', 'ASM', 'Samoa Americana');
INSERT INTO temp (codigoNUM, codigoALP2, codigoALP3, pais) VALUES ('659', 'KN', 'KNA', 'San Cristóbal y Nevis');
INSERT INTO temp (codigoNUM, codigoALP2, codigoALP3, pais) VALUES ('674', 'SM', 'SMR', 'San Marino');
INSERT INTO temp (codigoNUM, codigoALP2, codigoALP3, pais) VALUES ('666', 'PM', 'SPM', 'San Pedro y Miquelón');
INSERT INTO temp (codigoNUM, codigoALP2, codigoALP3, pais) VALUES ('670', 'VC', 'VCT', 'San Vicente y las Granadinas');
INSERT INTO temp (codigoNUM, codigoALP2, codigoALP3, pais) VALUES ('654', 'SH', 'SHN', 'Santa Helena');
INSERT INTO temp (codigoNUM, codigoALP2, codigoALP3, pais) VALUES ('662', 'LC', 'LCA', 'Santa Lucía');
INSERT INTO temp (codigoNUM, codigoALP2, codigoALP3, pais) VALUES ('678', 'ST', 'STP', 'Santo Tomé y Príncipe');
INSERT INTO temp (codigoNUM, codigoALP2, codigoALP3, pais) VALUES ('686', 'SN', 'SEN', 'Senegal');
INSERT INTO temp (codigoNUM, codigoALP2, codigoALP3, pais) VALUES ('891', 'CS', 'SCG', 'Serbia y Montenegro');
INSERT INTO temp (codigoNUM, codigoALP2, codigoALP3, pais) VALUES ('690', 'SC', 'SYC', 'Seychelles');
INSERT INTO temp (codigoNUM, codigoALP2, codigoALP3, pais) VALUES ('694', 'SL', 'SLE', 'Sierra Leona');
INSERT INTO temp (codigoNUM, codigoALP2, codigoALP3, pais) VALUES ('702', 'SG', 'SGP', 'Singapur');
INSERT INTO temp (codigoNUM, codigoALP2, codigoALP3, pais) VALUES ('760', 'SY', 'SYR', 'Siria');
INSERT INTO temp (codigoNUM, codigoALP2, codigoALP3, pais) VALUES ('706', 'SO', 'SOM', 'Somalia');
INSERT INTO temp (codigoNUM, codigoALP2, codigoALP3, pais) VALUES ('144', 'LK', 'LKA', 'Sri Lanka');
INSERT INTO temp (codigoNUM, codigoALP2, codigoALP3, pais) VALUES ('748', 'SZ', 'SWZ', 'Suazilandia');
INSERT INTO temp (codigoNUM, codigoALP2, codigoALP3, pais) VALUES ('710', 'ZA', 'ZAF', 'Sudáfrica');
INSERT INTO temp (codigoNUM, codigoALP2, codigoALP3, pais) VALUES ('736', 'SD', 'SDN', 'Sudán');
INSERT INTO temp (codigoNUM, codigoALP2, codigoALP3, pais) VALUES ('752', 'SE', 'SWE', 'Suecia');
INSERT INTO temp (codigoNUM, codigoALP2, codigoALP3, pais) VALUES ('756', 'CH', 'CHE', 'Suiza');
INSERT INTO temp (codigoNUM, codigoALP2, codigoALP3, pais) VALUES ('740', 'SR', 'SUR', 'Surinam');
INSERT INTO temp (codigoNUM, codigoALP2, codigoALP3, pais) VALUES ('744', 'SJ', 'SJM', 'Svalbard y Jan Mayen');
INSERT INTO temp (codigoNUM, codigoALP2, codigoALP3, pais) VALUES ('764', 'TH', 'THA', 'Tailandia');
INSERT INTO temp (codigoNUM, codigoALP2, codigoALP3, pais) VALUES ('158', 'TW', 'TWN', 'Taiwán');
INSERT INTO temp (codigoNUM, codigoALP2, codigoALP3, pais) VALUES ('834', 'TZ', 'TZA', 'Tanzania');
INSERT INTO temp (codigoNUM, codigoALP2, codigoALP3, pais) VALUES ('762', 'TJ', 'TJK', 'Tayikistán');
INSERT INTO temp (codigoNUM, codigoALP2, codigoALP3, pais) VALUES ('086', 'IO', 'IOT', 'Territorio Británico del Océano Índico');
INSERT INTO temp (codigoNUM, codigoALP2, codigoALP3, pais) VALUES ('260', 'TF', 'ATF', 'Territorios Australes Franceses');
INSERT INTO temp (codigoNUM, codigoALP2, codigoALP3, pais) VALUES ('626', 'TL', 'TLS', 'Timor Oriental');
INSERT INTO temp (codigoNUM, codigoALP2, codigoALP3, pais) VALUES ('768', 'TG', 'TGO', 'Togo');
INSERT INTO temp (codigoNUM, codigoALP2, codigoALP3, pais) VALUES ('772', 'TK', 'TKL', 'Tokelau');
INSERT INTO temp (codigoNUM, codigoALP2, codigoALP3, pais) VALUES ('776', 'TO', 'TON', 'Tonga');
INSERT INTO temp (codigoNUM, codigoALP2, codigoALP3, pais) VALUES ('780', 'TT', 'TTO', 'Trinidad y Tobago');
INSERT INTO temp (codigoNUM, codigoALP2, codigoALP3, pais) VALUES ('788', 'TN', 'TUN', 'Túnez');
INSERT INTO temp (codigoNUM, codigoALP2, codigoALP3, pais) VALUES ('796', 'TC', 'TCA', 'Islas Turcas y Caicos');
INSERT INTO temp (codigoNUM, codigoALP2, codigoALP3, pais) VALUES ('795', 'TM', 'TKM', 'Turkmenistán');
INSERT INTO temp (codigoNUM, codigoALP2, codigoALP3, pais) VALUES ('792', 'TR', 'TUR', 'Turquía');
INSERT INTO temp (codigoNUM, codigoALP2, codigoALP3, pais) VALUES ('798', 'TV', 'TUV', 'Tuvalu');
INSERT INTO temp (codigoNUM, codigoALP2, codigoALP3, pais) VALUES ('804', 'UA', 'UKR', 'Ucrania');
INSERT INTO temp (codigoNUM, codigoALP2, codigoALP3, pais) VALUES ('800', 'UG', 'UGA', 'Uganda');
INSERT INTO temp (codigoNUM, codigoALP2, codigoALP3, pais) VALUES ('858', 'UY', 'URY', 'Uruguay');
INSERT INTO temp (codigoNUM, codigoALP2, codigoALP3, pais) VALUES ('860', 'UZ', 'UZB', 'Uzbekistán');
INSERT INTO temp (codigoNUM, codigoALP2, codigoALP3, pais) VALUES ('548', 'VU', 'VUT', 'Vanuatu');
INSERT INTO temp (codigoNUM, codigoALP2, codigoALP3, pais) VALUES ('862', 'VE', 'VEN', 'Venezuela');
INSERT INTO temp (codigoNUM, codigoALP2, codigoALP3, pais) VALUES ('704', 'VN', 'VNM', 'Vietnam');
INSERT INTO temp (codigoNUM, codigoALP2, codigoALP3, pais) VALUES ('092', 'VG', 'VGB', 'Islas Vírgenes Británicas');
INSERT INTO temp (codigoNUM, codigoALP2, codigoALP3, pais) VALUES ('850', 'VI', 'VIR', 'Islas Vírgenes de los Estados Unidos');
INSERT INTO temp (codigoNUM, codigoALP2, codigoALP3, pais) VALUES ('876', 'WF', 'WLF', 'Wallis y Futuna');
INSERT INTO temp (codigoNUM, codigoALP2, codigoALP3, pais) VALUES ('887', 'YE', 'YEM', 'Yemen');
INSERT INTO temp (codigoNUM, codigoALP2, codigoALP3, pais) VALUES ('262', 'DJ', 'DJI', 'Yibuti');
INSERT INTO temp (codigoNUM, codigoALP2, codigoALP3, pais) VALUES ('894', 'ZM', 'ZMB', 'Zambia');
INSERT INTO temp (codigoNUM, codigoALP2, codigoALP3, pais) VALUES ('716', 'ZW', 'ZWE', 'Zimbabue');

INSERT INTO Tb_Pais_T (pais, id_pais, id_idioma)
SELECT
	B.pais, A.id_pais, 1
FROM
	Tb_Pais A
	LEFT OUTER JOIN
	temp B
	ON A.codigoNUM = B.codigoNUM;

TRUNCATE TABLE temp;

-- ENGLISH VERSION
INSERT INTO temp (codigoNUM, codigoALP2, codigoALP3, pais) VALUES ('004', 'AF', 'AFG', 'Afghanistan');
INSERT INTO temp (codigoNUM, codigoALP2, codigoALP3, pais) VALUES ('008', 'AL', 'ALB', 'Albania');
INSERT INTO temp (codigoNUM, codigoALP2, codigoALP3, pais) VALUES ('012', 'DZ', 'DZA', 'Algeria');
INSERT INTO temp (codigoNUM, codigoALP2, codigoALP3, pais) VALUES ('016', 'AS', 'ASM', 'American Samoa');
INSERT INTO temp (codigoNUM, codigoALP2, codigoALP3, pais) VALUES ('020', 'AD', 'AND', 'Andorra');
INSERT INTO temp (codigoNUM, codigoALP2, codigoALP3, pais) VALUES ('024', 'AO', 'AGO', 'Angola');
INSERT INTO temp (codigoNUM, codigoALP2, codigoALP3, pais) VALUES ('660', 'AI', 'AIA', 'Anguilla');
INSERT INTO temp (codigoNUM, codigoALP2, codigoALP3, pais) VALUES ('010', 'AQ', 'ATA', 'Antarctica');
INSERT INTO temp (codigoNUM, codigoALP2, codigoALP3, pais) VALUES ('028', 'AG', 'ATG', 'Antigua and Barbuda');
INSERT INTO temp (codigoNUM, codigoALP2, codigoALP3, pais) VALUES ('032', 'AR', 'ARG', 'Argentina');
INSERT INTO temp (codigoNUM, codigoALP2, codigoALP3, pais) VALUES ('051', 'AM', 'ARM', 'Armenia');
INSERT INTO temp (codigoNUM, codigoALP2, codigoALP3, pais) VALUES ('533', 'AW', 'ABW', 'Aruba');
INSERT INTO temp (codigoNUM, codigoALP2, codigoALP3, pais) VALUES ('036', 'AU', 'AUS', 'Australia');
INSERT INTO temp (codigoNUM, codigoALP2, codigoALP3, pais) VALUES ('040', 'AT', 'AUT', 'Austria');
INSERT INTO temp (codigoNUM, codigoALP2, codigoALP3, pais) VALUES ('031', 'AZ', 'AZE', 'Azerbaijan');
INSERT INTO temp (codigoNUM, codigoALP2, codigoALP3, pais) VALUES ('044', 'BS', 'BHS', 'Bahamas');
INSERT INTO temp (codigoNUM, codigoALP2, codigoALP3, pais) VALUES ('048', 'BH', 'BHR', 'Bahrain');
INSERT INTO temp (codigoNUM, codigoALP2, codigoALP3, pais) VALUES ('050', 'BD', 'BGD', 'Bangladesh');
INSERT INTO temp (codigoNUM, codigoALP2, codigoALP3, pais) VALUES ('052', 'BB', 'BRB', 'Barbados');
INSERT INTO temp (codigoNUM, codigoALP2, codigoALP3, pais) VALUES ('112', 'BY', 'BLR', 'Belarus');
INSERT INTO temp (codigoNUM, codigoALP2, codigoALP3, pais) VALUES ('056', 'BE', 'BEL', 'Belgium');
INSERT INTO temp (codigoNUM, codigoALP2, codigoALP3, pais) VALUES ('084', 'BZ', 'BLZ', 'Belize');
INSERT INTO temp (codigoNUM, codigoALP2, codigoALP3, pais) VALUES ('204', 'BJ', 'BEN', 'Benin');
INSERT INTO temp (codigoNUM, codigoALP2, codigoALP3, pais) VALUES ('060', 'BM', 'BMU', 'Bermuda');
INSERT INTO temp (codigoNUM, codigoALP2, codigoALP3, pais) VALUES ('064', 'BT', 'BTN', 'Bhutan');
INSERT INTO temp (codigoNUM, codigoALP2, codigoALP3, pais) VALUES ('068', 'BO', 'BOL', 'Bolivia');
INSERT INTO temp (codigoNUM, codigoALP2, codigoALP3, pais) VALUES ('070', 'BA', 'BIH', 'Bosnia and Herzegovina');
INSERT INTO temp (codigoNUM, codigoALP2, codigoALP3, pais) VALUES ('072', 'BW', 'BWA', 'Botswana');
INSERT INTO temp (codigoNUM, codigoALP2, codigoALP3, pais) VALUES ('074', 'BV', 'BVT', 'Bouvet Island');
INSERT INTO temp (codigoNUM, codigoALP2, codigoALP3, pais) VALUES ('076', 'BR', 'BRA', 'Brazil');
INSERT INTO temp (codigoNUM, codigoALP2, codigoALP3, pais) VALUES ('086', 'IO', 'IOT', 'British Indian Ocean Territory');
INSERT INTO temp (codigoNUM, codigoALP2, codigoALP3, pais) VALUES ('096', 'BN', 'BRN', 'Brunei Darussalam');
INSERT INTO temp (codigoNUM, codigoALP2, codigoALP3, pais) VALUES ('100', 'BG', 'BGR', 'Bulgaria');
INSERT INTO temp (codigoNUM, codigoALP2, codigoALP3, pais) VALUES ('854', 'BF', 'BFA', 'Burkina Faso');
INSERT INTO temp (codigoNUM, codigoALP2, codigoALP3, pais) VALUES ('108', 'BI', 'BDI', 'Burundi');
INSERT INTO temp (codigoNUM, codigoALP2, codigoALP3, pais) VALUES ('116', 'KH', 'KHM', 'Cambodia');
INSERT INTO temp (codigoNUM, codigoALP2, codigoALP3, pais) VALUES ('120', 'CM', 'CMR', 'Cameroon');
INSERT INTO temp (codigoNUM, codigoALP2, codigoALP3, pais) VALUES ('124', 'CA', 'CAN', 'Canada');
INSERT INTO temp (codigoNUM, codigoALP2, codigoALP3, pais) VALUES ('132', 'CV', 'CPV', 'Cape Verde');
INSERT INTO temp (codigoNUM, codigoALP2, codigoALP3, pais) VALUES ('136', 'KY', 'CYM', 'Cayman Islands');
INSERT INTO temp (codigoNUM, codigoALP2, codigoALP3, pais) VALUES ('140', 'CF', 'CAF', 'Central African Republic');
INSERT INTO temp (codigoNUM, codigoALP2, codigoALP3, pais) VALUES ('148', 'TD', 'TCD', 'Chad');
INSERT INTO temp (codigoNUM, codigoALP2, codigoALP3, pais) VALUES ('152', 'CL', 'CHL', 'Chile');
INSERT INTO temp (codigoNUM, codigoALP2, codigoALP3, pais) VALUES ('156', 'CN', 'CHN', 'China');
INSERT INTO temp (codigoNUM, codigoALP2, codigoALP3, pais) VALUES ('162', 'CX', 'CXR', 'Christmas Island');
INSERT INTO temp (codigoNUM, codigoALP2, codigoALP3, pais) VALUES ('166', 'CC', 'CCK', 'Cocos (Keeling) Islands');
INSERT INTO temp (codigoNUM, codigoALP2, codigoALP3, pais) VALUES ('170', 'CO', 'COL', 'Colombia');
INSERT INTO temp (codigoNUM, codigoALP2, codigoALP3, pais) VALUES ('174', 'KM', 'COM', 'Comoros');
INSERT INTO temp (codigoNUM, codigoALP2, codigoALP3, pais) VALUES ('178', 'CG', 'COG', 'Congo');
INSERT INTO temp (codigoNUM, codigoALP2, codigoALP3, pais) VALUES ('180', 'CD', 'COD', 'Congo, the Democratic Republic of the');
INSERT INTO temp (codigoNUM, codigoALP2, codigoALP3, pais) VALUES ('184', 'CK', 'COK', 'Cook Islands');
INSERT INTO temp (codigoNUM, codigoALP2, codigoALP3, pais) VALUES ('188', 'CR', 'CRI', 'Costa Rica');
INSERT INTO temp (codigoNUM, codigoALP2, codigoALP3, pais) VALUES ('384', 'CI', 'CIV', 'Cote D''Ivoire');
INSERT INTO temp (codigoNUM, codigoALP2, codigoALP3, pais) VALUES ('191', 'HR', 'HRV', 'Croatia');
INSERT INTO temp (codigoNUM, codigoALP2, codigoALP3, pais) VALUES ('192', 'CU', 'CUB', 'Cuba');
INSERT INTO temp (codigoNUM, codigoALP2, codigoALP3, pais) VALUES ('196', 'CY', 'CYP', 'Cyprus');
INSERT INTO temp (codigoNUM, codigoALP2, codigoALP3, pais) VALUES ('203', 'CZ', 'CZE', 'Czech Republic');
INSERT INTO temp (codigoNUM, codigoALP2, codigoALP3, pais) VALUES ('208', 'DK', 'DNK', 'Denmark');
INSERT INTO temp (codigoNUM, codigoALP2, codigoALP3, pais) VALUES ('262', 'DJ', 'DJI', 'Djibouti');
INSERT INTO temp (codigoNUM, codigoALP2, codigoALP3, pais) VALUES ('212', 'DM', 'DMA', 'Dominica');
INSERT INTO temp (codigoNUM, codigoALP2, codigoALP3, pais) VALUES ('214', 'DO', 'DOM', 'Dominican Republic');
INSERT INTO temp (codigoNUM, codigoALP2, codigoALP3, pais) VALUES ('218', 'EC', 'ECU', 'Ecuador');
INSERT INTO temp (codigoNUM, codigoALP2, codigoALP3, pais) VALUES ('818', 'EG', 'EGY', 'Egypt');
INSERT INTO temp (codigoNUM, codigoALP2, codigoALP3, pais) VALUES ('222', 'SV', 'SLV', 'El Salvador');
INSERT INTO temp (codigoNUM, codigoALP2, codigoALP3, pais) VALUES ('226', 'GQ', 'GNQ', 'Equatorial Guinea');
INSERT INTO temp (codigoNUM, codigoALP2, codigoALP3, pais) VALUES ('232', 'ER', 'ERI', 'Eritrea');
INSERT INTO temp (codigoNUM, codigoALP2, codigoALP3, pais) VALUES ('233', 'EE', 'EST', 'Estonia');
INSERT INTO temp (codigoNUM, codigoALP2, codigoALP3, pais) VALUES ('231', 'ET', 'ETH', 'Ethiopia');
INSERT INTO temp (codigoNUM, codigoALP2, codigoALP3, pais) VALUES ('238', 'FK', 'FLK', 'Falkland Islands (Malvinas)');
INSERT INTO temp (codigoNUM, codigoALP2, codigoALP3, pais) VALUES ('234', 'FO', 'FRO', 'Faroe Islands');
INSERT INTO temp (codigoNUM, codigoALP2, codigoALP3, pais) VALUES ('242', 'FJ', 'FJI', 'Fiji');
INSERT INTO temp (codigoNUM, codigoALP2, codigoALP3, pais) VALUES ('246', 'FI', 'FIN', 'Finland');
INSERT INTO temp (codigoNUM, codigoALP2, codigoALP3, pais) VALUES ('250', 'FR', 'FRA', 'France');
INSERT INTO temp (codigoNUM, codigoALP2, codigoALP3, pais) VALUES ('254', 'GF', 'GUF', 'French Guiana');
INSERT INTO temp (codigoNUM, codigoALP2, codigoALP3, pais) VALUES ('258', 'PF', 'PYF', 'French Polynesia');
INSERT INTO temp (codigoNUM, codigoALP2, codigoALP3, pais) VALUES ('260', 'TF', 'ATF', 'French Southern Territories');
INSERT INTO temp (codigoNUM, codigoALP2, codigoALP3, pais) VALUES ('266', 'GA', 'GAB', 'Gabon');
INSERT INTO temp (codigoNUM, codigoALP2, codigoALP3, pais) VALUES ('270', 'GM', 'GMB', 'Gambia');
INSERT INTO temp (codigoNUM, codigoALP2, codigoALP3, pais) VALUES ('268', 'GE', 'GEO', 'Georgia');
INSERT INTO temp (codigoNUM, codigoALP2, codigoALP3, pais) VALUES ('276', 'DE', 'DEU', 'Germany');
INSERT INTO temp (codigoNUM, codigoALP2, codigoALP3, pais) VALUES ('288', 'GH', 'GHA', 'Ghana');
INSERT INTO temp (codigoNUM, codigoALP2, codigoALP3, pais) VALUES ('292', 'GI', 'GIB', 'Gibraltar');
INSERT INTO temp (codigoNUM, codigoALP2, codigoALP3, pais) VALUES ('300', 'GR', 'GRC', 'Greece');
INSERT INTO temp (codigoNUM, codigoALP2, codigoALP3, pais) VALUES ('304', 'GL', 'GRL', 'Greenland');
INSERT INTO temp (codigoNUM, codigoALP2, codigoALP3, pais) VALUES ('308', 'GD', 'GRD', 'Grenada');
INSERT INTO temp (codigoNUM, codigoALP2, codigoALP3, pais) VALUES ('312', 'GP', 'GLP', 'Guadeloupe');
INSERT INTO temp (codigoNUM, codigoALP2, codigoALP3, pais) VALUES ('316', 'GU', 'GUM', 'Guam');
INSERT INTO temp (codigoNUM, codigoALP2, codigoALP3, pais) VALUES ('320', 'GT', 'GTM', 'Guatemala');
INSERT INTO temp (codigoNUM, codigoALP2, codigoALP3, pais) VALUES ('324', 'GN', 'GIN', 'Guinea');
INSERT INTO temp (codigoNUM, codigoALP2, codigoALP3, pais) VALUES ('624', 'GW', 'GNB', 'Guinea-Bissau');
INSERT INTO temp (codigoNUM, codigoALP2, codigoALP3, pais) VALUES ('328', 'GY', 'GUY', 'Guyana');
INSERT INTO temp (codigoNUM, codigoALP2, codigoALP3, pais) VALUES ('332', 'HT', 'HTI', 'Haiti');
INSERT INTO temp (codigoNUM, codigoALP2, codigoALP3, pais) VALUES ('324', 'HM', 'HMD', 'Heard Island and Mcdonald Islands');
INSERT INTO temp (codigoNUM, codigoALP2, codigoALP3, pais) VALUES ('336', 'VA', 'VAT', 'Holy See (Vatican City State)');
INSERT INTO temp (codigoNUM, codigoALP2, codigoALP3, pais) VALUES ('340', 'HN', 'HND', 'Honduras');
INSERT INTO temp (codigoNUM, codigoALP2, codigoALP3, pais) VALUES ('344', 'HK', 'HKG', 'Hong Kong');
INSERT INTO temp (codigoNUM, codigoALP2, codigoALP3, pais) VALUES ('348', 'HU', 'HUN', 'Hungary');
INSERT INTO temp (codigoNUM, codigoALP2, codigoALP3, pais) VALUES ('352', 'IS', 'ISL', 'Iceland');
INSERT INTO temp (codigoNUM, codigoALP2, codigoALP3, pais) VALUES ('356', 'IN', 'IND', 'India');
INSERT INTO temp (codigoNUM, codigoALP2, codigoALP3, pais) VALUES ('360', 'ID', 'IDN', 'Indonesia');
INSERT INTO temp (codigoNUM, codigoALP2, codigoALP3, pais) VALUES ('364', 'IR', 'IRN', 'Iran, Islamic Republic of');
INSERT INTO temp (codigoNUM, codigoALP2, codigoALP3, pais) VALUES ('368', 'IQ', 'IRQ', 'Iraq');
INSERT INTO temp (codigoNUM, codigoALP2, codigoALP3, pais) VALUES ('372', 'IE', 'IRL', 'Ireland');
INSERT INTO temp (codigoNUM, codigoALP2, codigoALP3, pais) VALUES ('376', 'IL', 'ISR', 'Israel');
INSERT INTO temp (codigoNUM, codigoALP2, codigoALP3, pais) VALUES ('380', 'IT', 'ITA', 'Italy');
INSERT INTO temp (codigoNUM, codigoALP2, codigoALP3, pais) VALUES ('388', 'JM', 'JAM', 'Jamaica');
INSERT INTO temp (codigoNUM, codigoALP2, codigoALP3, pais) VALUES ('392', 'JP', 'JPN', 'Japan');
INSERT INTO temp (codigoNUM, codigoALP2, codigoALP3, pais) VALUES ('400', 'JO', 'JOR', 'Jordan');
INSERT INTO temp (codigoNUM, codigoALP2, codigoALP3, pais) VALUES ('398', 'KZ', 'KAZ', 'Kazakhstan');
INSERT INTO temp (codigoNUM, codigoALP2, codigoALP3, pais) VALUES ('404', 'KE', 'KEN', 'Kenya');
INSERT INTO temp (codigoNUM, codigoALP2, codigoALP3, pais) VALUES ('296', 'KI', 'KIR', 'Kiribati');
INSERT INTO temp (codigoNUM, codigoALP2, codigoALP3, pais) VALUES ('408', 'KP', 'PRK', 'Korea, Democratic People''s Republic of');
INSERT INTO temp (codigoNUM, codigoALP2, codigoALP3, pais) VALUES ('410', 'KR', 'KOR', 'Korea, Republic of');
INSERT INTO temp (codigoNUM, codigoALP2, codigoALP3, pais) VALUES ('414', 'KW', 'KWT', 'Kuwait');
INSERT INTO temp (codigoNUM, codigoALP2, codigoALP3, pais) VALUES ('417', 'KG', 'KGZ', 'Kyrgyzstan');
INSERT INTO temp (codigoNUM, codigoALP2, codigoALP3, pais) VALUES ('418', 'LA', 'LAO', 'Lao People''s Democratic Republic');
INSERT INTO temp (codigoNUM, codigoALP2, codigoALP3, pais) VALUES ('428', 'LV', 'LVA', 'Latvia');
INSERT INTO temp (codigoNUM, codigoALP2, codigoALP3, pais) VALUES ('422', 'LB', 'LBN', 'Lebanon');
INSERT INTO temp (codigoNUM, codigoALP2, codigoALP3, pais) VALUES ('426', 'LS', 'LSO', 'Lesotho');
INSERT INTO temp (codigoNUM, codigoALP2, codigoALP3, pais) VALUES ('430', 'LR', 'LBR', 'Liberia');
INSERT INTO temp (codigoNUM, codigoALP2, codigoALP3, pais) VALUES ('434', 'LY', 'LBY', 'Libyan Arab Jamahiriya');
INSERT INTO temp (codigoNUM, codigoALP2, codigoALP3, pais) VALUES ('438', 'LI', 'LIE', 'Liechtenstein');
INSERT INTO temp (codigoNUM, codigoALP2, codigoALP3, pais) VALUES ('440', 'LT', 'LTU', 'Lithuania');
INSERT INTO temp (codigoNUM, codigoALP2, codigoALP3, pais) VALUES ('442', 'LU', 'LUX', 'Luxembourg');
INSERT INTO temp (codigoNUM, codigoALP2, codigoALP3, pais) VALUES ('446', 'MO', 'MAC', 'Macao');
INSERT INTO temp (codigoNUM, codigoALP2, codigoALP3, pais) VALUES ('807', 'MK', 'MKD', 'Macedonia, the Former Yugoslav Republic of');
INSERT INTO temp (codigoNUM, codigoALP2, codigoALP3, pais) VALUES ('450', 'MG', 'MDG', 'Madagascar');
INSERT INTO temp (codigoNUM, codigoALP2, codigoALP3, pais) VALUES ('454', 'MW', 'MWI', 'Malawi');
INSERT INTO temp (codigoNUM, codigoALP2, codigoALP3, pais) VALUES ('458', 'MY', 'MYS', 'Malaysia');
INSERT INTO temp (codigoNUM, codigoALP2, codigoALP3, pais) VALUES ('462', 'MV', 'MDV', 'Maldives');
INSERT INTO temp (codigoNUM, codigoALP2, codigoALP3, pais) VALUES ('466', 'ML', 'MLI', 'Mali');
INSERT INTO temp (codigoNUM, codigoALP2, codigoALP3, pais) VALUES ('470', 'MT', 'MLT', 'Malta');
INSERT INTO temp (codigoNUM, codigoALP2, codigoALP3, pais) VALUES ('584', 'MH', 'MHL', 'Marshall Islands');
INSERT INTO temp (codigoNUM, codigoALP2, codigoALP3, pais) VALUES ('474', 'MQ', 'MTQ', 'Martinique');
INSERT INTO temp (codigoNUM, codigoALP2, codigoALP3, pais) VALUES ('478', 'MR', 'MRT', 'Mauritania');
INSERT INTO temp (codigoNUM, codigoALP2, codigoALP3, pais) VALUES ('480', 'MU', 'MUS', 'Mauritius');
INSERT INTO temp (codigoNUM, codigoALP2, codigoALP3, pais) VALUES ('175', 'YT', 'MYT', 'Mayotte');
INSERT INTO temp (codigoNUM, codigoALP2, codigoALP3, pais) VALUES ('484', 'MX', 'MEX', 'Mexico');
INSERT INTO temp (codigoNUM, codigoALP2, codigoALP3, pais) VALUES ('583', 'FM', 'FSM', 'Micronesia, Federated States of');
INSERT INTO temp (codigoNUM, codigoALP2, codigoALP3, pais) VALUES ('498', 'MD', 'MDA', 'Moldova, Republic of');
INSERT INTO temp (codigoNUM, codigoALP2, codigoALP3, pais) VALUES ('492', 'MC', 'MCO', 'Monaco');
INSERT INTO temp (codigoNUM, codigoALP2, codigoALP3, pais) VALUES ('496', 'MN', 'MNG', 'Mongolia');
INSERT INTO temp (codigoNUM, codigoALP2, codigoALP3, pais) VALUES ('500', 'MS', 'MSR', 'Montserrat');
INSERT INTO temp (codigoNUM, codigoALP2, codigoALP3, pais) VALUES ('504', 'MA', 'MAR', 'Morocco');
INSERT INTO temp (codigoNUM, codigoALP2, codigoALP3, pais) VALUES ('508', 'MZ', 'MOZ', 'Mozambique');
INSERT INTO temp (codigoNUM, codigoALP2, codigoALP3, pais) VALUES ('104', 'MM', 'MMR', 'Myanmar');
INSERT INTO temp (codigoNUM, codigoALP2, codigoALP3, pais) VALUES ('516', 'NA', 'NAM', 'Namibia');
INSERT INTO temp (codigoNUM, codigoALP2, codigoALP3, pais) VALUES ('520', 'NR', 'NRU', 'Nauru');
INSERT INTO temp (codigoNUM, codigoALP2, codigoALP3, pais) VALUES ('524', 'NP', 'NPL', 'Nepal');
INSERT INTO temp (codigoNUM, codigoALP2, codigoALP3, pais) VALUES ('528', 'NL', 'NLD', 'Netherlands');
INSERT INTO temp (codigoNUM, codigoALP2, codigoALP3, pais) VALUES ('530', 'AN', 'ANT', 'Netherlands Antilles');
INSERT INTO temp (codigoNUM, codigoALP2, codigoALP3, pais) VALUES ('540', 'NC', 'NCL', 'New Caledonia');
INSERT INTO temp (codigoNUM, codigoALP2, codigoALP3, pais) VALUES ('554', 'NZ', 'NZL', 'New Zealand');
INSERT INTO temp (codigoNUM, codigoALP2, codigoALP3, pais) VALUES ('558', 'NI', 'NIC', 'Nicaragua');
INSERT INTO temp (codigoNUM, codigoALP2, codigoALP3, pais) VALUES ('562', 'NE', 'NER', 'Niger');
INSERT INTO temp (codigoNUM, codigoALP2, codigoALP3, pais) VALUES ('566', 'NG', 'NGA', 'Nigeria');
INSERT INTO temp (codigoNUM, codigoALP2, codigoALP3, pais) VALUES ('570', 'NU', 'NIU', 'Niue');
INSERT INTO temp (codigoNUM, codigoALP2, codigoALP3, pais) VALUES ('574', 'NF', 'NFK', 'Norfolk Island');
INSERT INTO temp (codigoNUM, codigoALP2, codigoALP3, pais) VALUES ('580', 'MP', 'MNP', 'Northern Mariana Islands');
INSERT INTO temp (codigoNUM, codigoALP2, codigoALP3, pais) VALUES ('578', 'NO', 'NOR', 'Norway');
INSERT INTO temp (codigoNUM, codigoALP2, codigoALP3, pais) VALUES ('512', 'OM', 'OMN', 'Oman');
INSERT INTO temp (codigoNUM, codigoALP2, codigoALP3, pais) VALUES ('586', 'PK', 'PAK', 'Pakistan');
INSERT INTO temp (codigoNUM, codigoALP2, codigoALP3, pais) VALUES ('585', 'PW', 'PLW', 'Palau');
INSERT INTO temp (codigoNUM, codigoALP2, codigoALP3, pais) VALUES ('275', 'PS', 'PSE', 'Palestinian Territory, Occupied');
INSERT INTO temp (codigoNUM, codigoALP2, codigoALP3, pais) VALUES ('591', 'PA', 'PAN', 'Panama');
INSERT INTO temp (codigoNUM, codigoALP2, codigoALP3, pais) VALUES ('598', 'PG', 'PNG', 'Papua New Guinea');
INSERT INTO temp (codigoNUM, codigoALP2, codigoALP3, pais) VALUES ('600', 'PY', 'PRY', 'Paraguay');
INSERT INTO temp (codigoNUM, codigoALP2, codigoALP3, pais) VALUES ('604', 'PE', 'PER', 'Peru');
INSERT INTO temp (codigoNUM, codigoALP2, codigoALP3, pais) VALUES ('608', 'PH', 'PHL', 'Philippines');
INSERT INTO temp (codigoNUM, codigoALP2, codigoALP3, pais) VALUES ('612', 'PN', 'PCN', 'Pitcairn');
INSERT INTO temp (codigoNUM, codigoALP2, codigoALP3, pais) VALUES ('616', 'PL', 'POL', 'Poland');
INSERT INTO temp (codigoNUM, codigoALP2, codigoALP3, pais) VALUES ('620', 'PT', 'PRT', 'Portugal');
INSERT INTO temp (codigoNUM, codigoALP2, codigoALP3, pais) VALUES ('630', 'PR', 'PRI', 'Puerto Rico');
INSERT INTO temp (codigoNUM, codigoALP2, codigoALP3, pais) VALUES ('634', 'QA', 'QAT', 'Qatar');
INSERT INTO temp (codigoNUM, codigoALP2, codigoALP3, pais) VALUES ('638', 'RE', 'REU', 'Reunion');
INSERT INTO temp (codigoNUM, codigoALP2, codigoALP3, pais) VALUES ('642', 'RO', 'ROM', 'Romania');
INSERT INTO temp (codigoNUM, codigoALP2, codigoALP3, pais) VALUES ('643', 'RU', 'RUS', 'Russian Federation');
INSERT INTO temp (codigoNUM, codigoALP2, codigoALP3, pais) VALUES ('646', 'RW', 'RWA', 'Rwanda');
INSERT INTO temp (codigoNUM, codigoALP2, codigoALP3, pais) VALUES ('654', 'SH', 'SHN', 'Saint Helena');
INSERT INTO temp (codigoNUM, codigoALP2, codigoALP3, pais) VALUES ('659', 'KN', 'KNA', 'Saint Kitts and Nevis');
INSERT INTO temp (codigoNUM, codigoALP2, codigoALP3, pais) VALUES ('662', 'LC', 'LCA', 'Saint Lucia');
INSERT INTO temp (codigoNUM, codigoALP2, codigoALP3, pais) VALUES ('666', 'PM', 'SPM', 'Saint Pierre and Miquelon');
INSERT INTO temp (codigoNUM, codigoALP2, codigoALP3, pais) VALUES ('670', 'VC', 'VCT', 'Saint Vincent and the Grenadines');
INSERT INTO temp (codigoNUM, codigoALP2, codigoALP3, pais) VALUES ('882', 'WS', 'WSM', 'Samoa');
INSERT INTO temp (codigoNUM, codigoALP2, codigoALP3, pais) VALUES ('674', 'SM', 'SMR', 'San Marino');
INSERT INTO temp (codigoNUM, codigoALP2, codigoALP3, pais) VALUES ('678', 'ST', 'STP', 'Sao Tome and Principe');
INSERT INTO temp (codigoNUM, codigoALP2, codigoALP3, pais) VALUES ('682', 'SA', 'SAU', 'Saudi Arabia');
INSERT INTO temp (codigoNUM, codigoALP2, codigoALP3, pais) VALUES ('686', 'SN', 'SEN', 'Senegal');
INSERT INTO temp (codigoNUM, codigoALP2, codigoALP3, pais) VALUES ('891', 'CS', 'SCG', 'Serbia and Montenegro');
INSERT INTO temp (codigoNUM, codigoALP2, codigoALP3, pais) VALUES ('690', 'SC', 'SYC', 'Seychelles');
INSERT INTO temp (codigoNUM, codigoALP2, codigoALP3, pais) VALUES ('694', 'SL', 'SLE', 'Sierra Leone');
INSERT INTO temp (codigoNUM, codigoALP2, codigoALP3, pais) VALUES ('702', 'SG', 'SGP', 'Singapore');
INSERT INTO temp (codigoNUM, codigoALP2, codigoALP3, pais) VALUES ('703', 'SK', 'SVK', 'Slovakia');
INSERT INTO temp (codigoNUM, codigoALP2, codigoALP3, pais) VALUES ('705', 'SI', 'SVN', 'Slovenia');
INSERT INTO temp (codigoNUM, codigoALP2, codigoALP3, pais) VALUES ('090', 'SB', 'SLB', 'Solomon Islands');
INSERT INTO temp (codigoNUM, codigoALP2, codigoALP3, pais) VALUES ('706', 'SO', 'SOM', 'Somalia');
INSERT INTO temp (codigoNUM, codigoALP2, codigoALP3, pais) VALUES ('710', 'ZA', 'ZAF', 'South Africa');
INSERT INTO temp (codigoNUM, codigoALP2, codigoALP3, pais) VALUES ('239', 'GS', 'SGS', 'South Georgia and the South Sandwich Islands');
INSERT INTO temp (codigoNUM, codigoALP2, codigoALP3, pais) VALUES ('724', 'ES', 'ESP', 'Spain');
INSERT INTO temp (codigoNUM, codigoALP2, codigoALP3, pais) VALUES ('144', 'LK', 'LKA', 'Sri Lanka');
INSERT INTO temp (codigoNUM, codigoALP2, codigoALP3, pais) VALUES ('736', 'SD', 'SDN', 'Sudan');
INSERT INTO temp (codigoNUM, codigoALP2, codigoALP3, pais) VALUES ('740', 'SR', 'SUR', 'Suriname');
INSERT INTO temp (codigoNUM, codigoALP2, codigoALP3, pais) VALUES ('744', 'SJ', 'SJM', 'Svalbard and Jan Mayen');
INSERT INTO temp (codigoNUM, codigoALP2, codigoALP3, pais) VALUES ('748', 'SZ', 'SWZ', 'Swaziland');
INSERT INTO temp (codigoNUM, codigoALP2, codigoALP3, pais) VALUES ('752', 'SE', 'SWE', 'Sweden');
INSERT INTO temp (codigoNUM, codigoALP2, codigoALP3, pais) VALUES ('756', 'CH', 'CHE', 'Switzerland');
INSERT INTO temp (codigoNUM, codigoALP2, codigoALP3, pais) VALUES ('760', 'SY', 'SYR', 'Syrian Arab Republic');
INSERT INTO temp (codigoNUM, codigoALP2, codigoALP3, pais) VALUES ('158', 'TW', 'TWN', 'Taiwan, Province of China');
INSERT INTO temp (codigoNUM, codigoALP2, codigoALP3, pais) VALUES ('762', 'TJ', 'TJK', 'Tajikistan');
INSERT INTO temp (codigoNUM, codigoALP2, codigoALP3, pais) VALUES ('834', 'TZ', 'TZA', 'Tanzania, United Republic of');
INSERT INTO temp (codigoNUM, codigoALP2, codigoALP3, pais) VALUES ('764', 'TH', 'THA', 'Thailand');
INSERT INTO temp (codigoNUM, codigoALP2, codigoALP3, pais) VALUES ('626', 'TL', 'TLS', 'Timor-Leste');
INSERT INTO temp (codigoNUM, codigoALP2, codigoALP3, pais) VALUES ('768', 'TG', 'TGO', 'Togo');
INSERT INTO temp (codigoNUM, codigoALP2, codigoALP3, pais) VALUES ('772', 'TK', 'TKL', 'Tokelau');
INSERT INTO temp (codigoNUM, codigoALP2, codigoALP3, pais) VALUES ('776', 'TO', 'TON', 'Tonga');
INSERT INTO temp (codigoNUM, codigoALP2, codigoALP3, pais) VALUES ('780', 'TT', 'TTO', 'Trinidad and Tobago');
INSERT INTO temp (codigoNUM, codigoALP2, codigoALP3, pais) VALUES ('788', 'TN', 'TUN', 'Tunisia');
INSERT INTO temp (codigoNUM, codigoALP2, codigoALP3, pais) VALUES ('792', 'TR', 'TUR', 'Turkey');
INSERT INTO temp (codigoNUM, codigoALP2, codigoALP3, pais) VALUES ('795', 'TM', 'TKM', 'Turkmenistan');
INSERT INTO temp (codigoNUM, codigoALP2, codigoALP3, pais) VALUES ('796', 'TC', 'TCA', 'Turks and Caicos Islands');
INSERT INTO temp (codigoNUM, codigoALP2, codigoALP3, pais) VALUES ('798', 'TV', 'TUV', 'Tuvalu');
INSERT INTO temp (codigoNUM, codigoALP2, codigoALP3, pais) VALUES ('800', 'UG', 'UGA', 'Uganda');
INSERT INTO temp (codigoNUM, codigoALP2, codigoALP3, pais) VALUES ('804', 'UA', 'UKR', 'Ukraine');
INSERT INTO temp (codigoNUM, codigoALP2, codigoALP3, pais) VALUES ('784', 'AE', 'ARE', 'United Arab Emirates');
INSERT INTO temp (codigoNUM, codigoALP2, codigoALP3, pais) VALUES ('826', 'GB', 'GBR', 'United Kingdom');
INSERT INTO temp (codigoNUM, codigoALP2, codigoALP3, pais) VALUES ('840', 'US', 'USA', 'United States');
INSERT INTO temp (codigoNUM, codigoALP2, codigoALP3, pais) VALUES ('581', 'UM', 'UMI', 'United States Minor Outlying Islands');
INSERT INTO temp (codigoNUM, codigoALP2, codigoALP3, pais) VALUES ('858', 'UY', 'URY', 'Uruguay');
INSERT INTO temp (codigoNUM, codigoALP2, codigoALP3, pais) VALUES ('860', 'UZ', 'UZB', 'Uzbekistan');
INSERT INTO temp (codigoNUM, codigoALP2, codigoALP3, pais) VALUES ('548', 'VU', 'VTU', 'Vanuatu');
INSERT INTO temp (codigoNUM, codigoALP2, codigoALP3, pais) VALUES ('862', 'VE', 'VEN', 'Venezuela');
INSERT INTO temp (codigoNUM, codigoALP2, codigoALP3, pais) VALUES ('704', 'VN', 'VNM', 'Viet Nam');
INSERT INTO temp (codigoNUM, codigoALP2, codigoALP3, pais) VALUES ('092', 'VG', 'VGB', 'Virgin Islands, British');
INSERT INTO temp (codigoNUM, codigoALP2, codigoALP3, pais) VALUES ('850', 'VI', 'VIR', 'Virgin Islands, U.s.');
INSERT INTO temp (codigoNUM, codigoALP2, codigoALP3, pais) VALUES ('876', 'WF', 'WLF', 'Wallis and Futuna');
INSERT INTO temp (codigoNUM, codigoALP2, codigoALP3, pais) VALUES ('732', 'EH', 'ESH', 'Western Sahara');
INSERT INTO temp (codigoNUM, codigoALP2, codigoALP3, pais) VALUES ('887', 'YE', 'YEM', 'Yemen');
INSERT INTO temp (codigoNUM, codigoALP2, codigoALP3, pais) VALUES ('894', 'ZM', 'ZMB', 'Zambia');
INSERT INTO temp (codigoNUM, codigoALP2, codigoALP3, pais) VALUES ('716', 'ZW', 'ZWE', 'Zimbabwe');

INSERT INTO Tb_Pais_T (pais, id_pais, id_idioma)
SELECT
	B.pais, A.id_pais, 2
FROM
	Tb_Pais A
	LEFT OUTER JOIN
	temp B
	ON A.codigoNUM = B.codigoNUM
WHERE
	B.pais IS NOT NULL;

DROP TEMPORARY TABLE temp;


INSERT INTO Tb_Estado (codigo, id_pais) VALUES ('VE-Z', 232);
INSERT INTO Tb_Estado (codigo, id_pais) VALUES ('VE-A', 232);
INSERT INTO Tb_Estado (codigo, id_pais) VALUES ('VE-X', 232);
INSERT INTO Tb_Estado (codigo, id_pais) VALUES ('VE-B', 232);
INSERT INTO Tb_Estado (codigo, id_pais) VALUES ('VE-C', 232);
INSERT INTO Tb_Estado (codigo, id_pais) VALUES ('VE-D', 232);
INSERT INTO Tb_Estado (codigo, id_pais) VALUES ('VE-E', 232);
INSERT INTO Tb_Estado (codigo, id_pais) VALUES ('VE-F', 232);
INSERT INTO Tb_Estado (codigo, id_pais) VALUES ('VE-G', 232);
INSERT INTO Tb_Estado (codigo, id_pais) VALUES ('VE-H', 232);
INSERT INTO Tb_Estado (codigo, id_pais) VALUES ('VE-Y', 232);
INSERT INTO Tb_Estado (codigo, id_pais) VALUES ('VE-I', 232);
INSERT INTO Tb_Estado (codigo, id_pais) VALUES ('VE-J', 232);
INSERT INTO Tb_Estado (codigo, id_pais) VALUES ('VE-K', 232);
INSERT INTO Tb_Estado (codigo, id_pais) VALUES ('VE-L', 232);
INSERT INTO Tb_Estado (codigo, id_pais) VALUES ('VE-M', 232);
INSERT INTO Tb_Estado (codigo, id_pais) VALUES ('VE-N', 232);
INSERT INTO Tb_Estado (codigo, id_pais) VALUES ('VE-O', 232);
INSERT INTO Tb_Estado (codigo, id_pais) VALUES ('VE-P', 232);
INSERT INTO Tb_Estado (codigo, id_pais) VALUES ('VE-R', 232);
INSERT INTO Tb_Estado (codigo, id_pais) VALUES ('VE-S', 232);
INSERT INTO Tb_Estado (codigo, id_pais) VALUES ('VE-T', 232);
INSERT INTO Tb_Estado (codigo, id_pais) VALUES ('VE-W', 232);
INSERT INTO Tb_Estado (codigo, id_pais) VALUES ('VE-U', 232);
INSERT INTO Tb_Estado (codigo, id_pais) VALUES ('VE-V', 232);


CREATE TEMPORARY TABLE temp (codigo CHAR(5), estado VARCHAR(50));

-- VERSION ESPAÑOL
INSERT INTO temp (codigo, estado) VALUES ('VE-Z', 'Dependencias Federales');
INSERT INTO temp (codigo, estado) VALUES ('VE-A', 'Distrito Capital');
INSERT INTO temp (codigo, estado) VALUES ('VE-X', 'Amazonas');
INSERT INTO temp (codigo, estado) VALUES ('VE-B', 'Anzoátegui');
INSERT INTO temp (codigo, estado) VALUES ('VE-C', 'Apure');
INSERT INTO temp (codigo, estado) VALUES ('VE-D', 'Aragua');
INSERT INTO temp (codigo, estado) VALUES ('VE-E', 'Barinas');
INSERT INTO temp (codigo, estado) VALUES ('VE-F', 'Bolívar');
INSERT INTO temp (codigo, estado) VALUES ('VE-G', 'Carabobo');
INSERT INTO temp (codigo, estado) VALUES ('VE-H', 'Cojedes');
INSERT INTO temp (codigo, estado) VALUES ('VE-Y', 'Delta Amacuro');
INSERT INTO temp (codigo, estado) VALUES ('VE-I', 'Falcón');
INSERT INTO temp (codigo, estado) VALUES ('VE-J', 'Guárico');
INSERT INTO temp (codigo, estado) VALUES ('VE-K', 'Lara');
INSERT INTO temp (codigo, estado) VALUES ('VE-L', 'Mérida');
INSERT INTO temp (codigo, estado) VALUES ('VE-M', 'Miranda');
INSERT INTO temp (codigo, estado) VALUES ('VE-N', 'Monagas');
INSERT INTO temp (codigo, estado) VALUES ('VE-O', 'Nueva Esparta');
INSERT INTO temp (codigo, estado) VALUES ('VE-P', 'Portuguesa');
INSERT INTO temp (codigo, estado) VALUES ('VE-R', 'Sucre');
INSERT INTO temp (codigo, estado) VALUES ('VE-S', 'Táchira');
INSERT INTO temp (codigo, estado) VALUES ('VE-T', 'Trujillo');
INSERT INTO temp (codigo, estado) VALUES ('VE-W', 'Vargas');
INSERT INTO temp (codigo, estado) VALUES ('VE-U', 'Yaracuy');
INSERT INTO temp (codigo, estado) VALUES ('VE-V', 'Zulia');

INSERT INTO Tb_Estado_T (estado, id_estado, id_idioma)
SELECT
	B.estado, A.id_estado, 1
FROM
	Tb_Estado A
	LEFT OUTER JOIN
	temp B
	ON A.codigo = B.codigo;

TRUNCATE TABLE temp;

-- ENGLISH VERSION
INSERT INTO temp (codigo, estado) VALUES ('VE-Z', 'Federal Dependencies');
INSERT INTO temp (codigo, estado) VALUES ('VE-A', 'Capital District');
INSERT INTO temp (codigo, estado) VALUES ('VE-X', 'Amazonas');
INSERT INTO temp (codigo, estado) VALUES ('VE-B', 'Anzoategui');
INSERT INTO temp (codigo, estado) VALUES ('VE-C', 'Apure');
INSERT INTO temp (codigo, estado) VALUES ('VE-D', 'Aragua');
INSERT INTO temp (codigo, estado) VALUES ('VE-E', 'Barinas');
INSERT INTO temp (codigo, estado) VALUES ('VE-F', 'Bolivar');
INSERT INTO temp (codigo, estado) VALUES ('VE-G', 'Carabobo');
INSERT INTO temp (codigo, estado) VALUES ('VE-H', 'Cojedes');
INSERT INTO temp (codigo, estado) VALUES ('VE-Y', 'Delta Amacuro');
INSERT INTO temp (codigo, estado) VALUES ('VE-I', 'Falcon');
INSERT INTO temp (codigo, estado) VALUES ('VE-J', 'Guarico');
INSERT INTO temp (codigo, estado) VALUES ('VE-K', 'Lara');
INSERT INTO temp (codigo, estado) VALUES ('VE-L', 'Merida');
INSERT INTO temp (codigo, estado) VALUES ('VE-M', 'Miranda');
INSERT INTO temp (codigo, estado) VALUES ('VE-N', 'Monagas');
INSERT INTO temp (codigo, estado) VALUES ('VE-O', 'Nueva Esparta');
INSERT INTO temp (codigo, estado) VALUES ('VE-P', 'Portuguesa');
INSERT INTO temp (codigo, estado) VALUES ('VE-R', 'Sucre');
INSERT INTO temp (codigo, estado) VALUES ('VE-S', 'Tachira');
INSERT INTO temp (codigo, estado) VALUES ('VE-T', 'Trujillo');
INSERT INTO temp (codigo, estado) VALUES ('VE-W', 'Vargas');
INSERT INTO temp (codigo, estado) VALUES ('VE-U', 'Yaracuy');
INSERT INTO temp (codigo, estado) VALUES ('VE-V', 'Zulia');

INSERT INTO Tb_Estado_T (estado, id_estado, id_idioma)
SELECT
	B.estado, A.id_estado, 2
FROM
	Tb_Estado A
	LEFT OUTER JOIN
	temp B
	ON A.codigo = B.codigo;


INSERT INTO Tb_Ciudad (codigo, id_estado) VALUES ('A-1' , 2);
INSERT INTO Tb_Ciudad (codigo, id_estado) VALUES ('X-1' , 3);
INSERT INTO Tb_Ciudad (codigo, id_estado) VALUES ('X-2' , 3);
INSERT INTO Tb_Ciudad (codigo, id_estado) VALUES ('X-3' , 3);
INSERT INTO Tb_Ciudad (codigo, id_estado) VALUES ('X-4' , 3);
INSERT INTO Tb_Ciudad (codigo, id_estado) VALUES ('X-5' , 3);
INSERT INTO Tb_Ciudad (codigo, id_estado) VALUES ('X-6' , 3);
INSERT INTO Tb_Ciudad (codigo, id_estado) VALUES ('X-7' , 3);
INSERT INTO Tb_Ciudad (codigo, id_estado) VALUES ('B-1' , 4);
INSERT INTO Tb_Ciudad (codigo, id_estado) VALUES ('B-2' , 4);
INSERT INTO Tb_Ciudad (codigo, id_estado) VALUES ('B-3' , 4);
INSERT INTO Tb_Ciudad (codigo, id_estado) VALUES ('B-4' , 4);
INSERT INTO Tb_Ciudad (codigo, id_estado) VALUES ('B-5' , 4);
INSERT INTO Tb_Ciudad (codigo, id_estado) VALUES ('B-6' , 4);
INSERT INTO Tb_Ciudad (codigo, id_estado) VALUES ('B-7' , 4);
INSERT INTO Tb_Ciudad (codigo, id_estado) VALUES ('B-8' , 4);
INSERT INTO Tb_Ciudad (codigo, id_estado) VALUES ('B-9' , 4);
INSERT INTO Tb_Ciudad (codigo, id_estado) VALUES ('B-10', 4);
INSERT INTO Tb_Ciudad (codigo, id_estado) VALUES ('B-11', 4);
INSERT INTO Tb_Ciudad (codigo, id_estado) VALUES ('B-12', 4);
INSERT INTO Tb_Ciudad (codigo, id_estado) VALUES ('B-13', 4);
INSERT INTO Tb_Ciudad (codigo, id_estado) VALUES ('B-14', 4);
INSERT INTO Tb_Ciudad (codigo, id_estado) VALUES ('B-15', 4);
INSERT INTO Tb_Ciudad (codigo, id_estado) VALUES ('B-16', 4);
INSERT INTO Tb_Ciudad (codigo, id_estado) VALUES ('B-17', 4);
INSERT INTO Tb_Ciudad (codigo, id_estado) VALUES ('B-18', 4);
INSERT INTO Tb_Ciudad (codigo, id_estado) VALUES ('B-19', 4);
INSERT INTO Tb_Ciudad (codigo, id_estado) VALUES ('B-20', 4);
INSERT INTO Tb_Ciudad (codigo, id_estado) VALUES ('B-21', 4);
INSERT INTO Tb_Ciudad (codigo, id_estado) VALUES ('C-1' , 5);
INSERT INTO Tb_Ciudad (codigo, id_estado) VALUES ('C-2' , 5);
INSERT INTO Tb_Ciudad (codigo, id_estado) VALUES ('C-3' , 5);
INSERT INTO Tb_Ciudad (codigo, id_estado) VALUES ('C-4' , 5);
INSERT INTO Tb_Ciudad (codigo, id_estado) VALUES ('C-5' , 5);
INSERT INTO Tb_Ciudad (codigo, id_estado) VALUES ('C-6' , 5);
INSERT INTO Tb_Ciudad (codigo, id_estado) VALUES ('C-7' , 5);
INSERT INTO Tb_Ciudad (codigo, id_estado) VALUES ('D-1' , 6);
INSERT INTO Tb_Ciudad (codigo, id_estado) VALUES ('D-2' , 6);
INSERT INTO Tb_Ciudad (codigo, id_estado) VALUES ('D-3' , 6);
INSERT INTO Tb_Ciudad (codigo, id_estado) VALUES ('D-4' , 6);
INSERT INTO Tb_Ciudad (codigo, id_estado) VALUES ('D-5' , 6);
INSERT INTO Tb_Ciudad (codigo, id_estado) VALUES ('D-6' , 6);
INSERT INTO Tb_Ciudad (codigo, id_estado) VALUES ('D-7' , 6);
INSERT INTO Tb_Ciudad (codigo, id_estado) VALUES ('D-8' , 6);
INSERT INTO Tb_Ciudad (codigo, id_estado) VALUES ('D-9' , 6);
INSERT INTO Tb_Ciudad (codigo, id_estado) VALUES ('D-10', 6);
INSERT INTO Tb_Ciudad (codigo, id_estado) VALUES ('D-11', 6);
INSERT INTO Tb_Ciudad (codigo, id_estado) VALUES ('D-12', 6);
INSERT INTO Tb_Ciudad (codigo, id_estado) VALUES ('D-13', 6);
INSERT INTO Tb_Ciudad (codigo, id_estado) VALUES ('D-14', 6);
INSERT INTO Tb_Ciudad (codigo, id_estado) VALUES ('D-15', 6);
INSERT INTO Tb_Ciudad (codigo, id_estado) VALUES ('D-16', 6);
INSERT INTO Tb_Ciudad (codigo, id_estado) VALUES ('D-17', 6);
INSERT INTO Tb_Ciudad (codigo, id_estado) VALUES ('E-1' , 7);
INSERT INTO Tb_Ciudad (codigo, id_estado) VALUES ('E-2' , 7);
INSERT INTO Tb_Ciudad (codigo, id_estado) VALUES ('E-3' , 7);
INSERT INTO Tb_Ciudad (codigo, id_estado) VALUES ('E-4' , 7);
INSERT INTO Tb_Ciudad (codigo, id_estado) VALUES ('E-5' , 7);
INSERT INTO Tb_Ciudad (codigo, id_estado) VALUES ('E-6' , 7);
INSERT INTO Tb_Ciudad (codigo, id_estado) VALUES ('E-7' , 7);
INSERT INTO Tb_Ciudad (codigo, id_estado) VALUES ('E-8' , 7);
INSERT INTO Tb_Ciudad (codigo, id_estado) VALUES ('E-9' , 7);
INSERT INTO Tb_Ciudad (codigo, id_estado) VALUES ('E-10', 7);
INSERT INTO Tb_Ciudad (codigo, id_estado) VALUES ('E-11', 7);
INSERT INTO Tb_Ciudad (codigo, id_estado) VALUES ('E-12', 7);
INSERT INTO Tb_Ciudad (codigo, id_estado) VALUES ('F-1' , 8);
INSERT INTO Tb_Ciudad (codigo, id_estado) VALUES ('F-2' , 8);
INSERT INTO Tb_Ciudad (codigo, id_estado) VALUES ('F-3' , 8);
INSERT INTO Tb_Ciudad (codigo, id_estado) VALUES ('F-4' , 8);
INSERT INTO Tb_Ciudad (codigo, id_estado) VALUES ('F-5' , 8);
INSERT INTO Tb_Ciudad (codigo, id_estado) VALUES ('F-6' , 8);
INSERT INTO Tb_Ciudad (codigo, id_estado) VALUES ('F-7' , 8);
INSERT INTO Tb_Ciudad (codigo, id_estado) VALUES ('F-8' , 8);
INSERT INTO Tb_Ciudad (codigo, id_estado) VALUES ('F-9' , 8);
INSERT INTO Tb_Ciudad (codigo, id_estado) VALUES ('F-10', 8);
INSERT INTO Tb_Ciudad (codigo, id_estado) VALUES ('F-11', 8);
INSERT INTO Tb_Ciudad (codigo, id_estado) VALUES ('F-12', 8);
INSERT INTO Tb_Ciudad (codigo, id_estado) VALUES ('F-13', 8);
INSERT INTO Tb_Ciudad (codigo, id_estado) VALUES ('G-1' , 9);
INSERT INTO Tb_Ciudad (codigo, id_estado) VALUES ('G-2' , 9);
INSERT INTO Tb_Ciudad (codigo, id_estado) VALUES ('G-3' , 9);
INSERT INTO Tb_Ciudad (codigo, id_estado) VALUES ('G-4' , 9);
INSERT INTO Tb_Ciudad (codigo, id_estado) VALUES ('G-5' , 9);
INSERT INTO Tb_Ciudad (codigo, id_estado) VALUES ('G-6' , 9);
INSERT INTO Tb_Ciudad (codigo, id_estado) VALUES ('G-7' , 9);
INSERT INTO Tb_Ciudad (codigo, id_estado) VALUES ('G-8' , 9);
INSERT INTO Tb_Ciudad (codigo, id_estado) VALUES ('G-9' , 9);
INSERT INTO Tb_Ciudad (codigo, id_estado) VALUES ('G-10', 9);
INSERT INTO Tb_Ciudad (codigo, id_estado) VALUES ('G-11', 9);
INSERT INTO Tb_Ciudad (codigo, id_estado) VALUES ('G-12', 9);
INSERT INTO Tb_Ciudad (codigo, id_estado) VALUES ('G-13', 9);
INSERT INTO Tb_Ciudad (codigo, id_estado) VALUES ('G-14', 9);
INSERT INTO Tb_Ciudad (codigo, id_estado) VALUES ('H-1' , 10);
INSERT INTO Tb_Ciudad (codigo, id_estado) VALUES ('H-2' , 10);
INSERT INTO Tb_Ciudad (codigo, id_estado) VALUES ('H-3' , 10);
INSERT INTO Tb_Ciudad (codigo, id_estado) VALUES ('H-4' , 10);
INSERT INTO Tb_Ciudad (codigo, id_estado) VALUES ('H-5' , 10);
INSERT INTO Tb_Ciudad (codigo, id_estado) VALUES ('H-6' , 10);
INSERT INTO Tb_Ciudad (codigo, id_estado) VALUES ('H-7' , 10);
INSERT INTO Tb_Ciudad (codigo, id_estado) VALUES ('H-8' , 10);
INSERT INTO Tb_Ciudad (codigo, id_estado) VALUES ('H-9' , 10);
INSERT INTO Tb_Ciudad (codigo, id_estado) VALUES ('Y-1' , 11);
INSERT INTO Tb_Ciudad (codigo, id_estado) VALUES ('Y-2' , 11);
INSERT INTO Tb_Ciudad (codigo, id_estado) VALUES ('Y-3' , 11);
INSERT INTO Tb_Ciudad (codigo, id_estado) VALUES ('Y-4' , 11);
INSERT INTO Tb_Ciudad (codigo, id_estado) VALUES ('I-1' , 12);
INSERT INTO Tb_Ciudad (codigo, id_estado) VALUES ('I-2' , 12);
INSERT INTO Tb_Ciudad (codigo, id_estado) VALUES ('I-3' , 12);
INSERT INTO Tb_Ciudad (codigo, id_estado) VALUES ('I-4' , 12);
INSERT INTO Tb_Ciudad (codigo, id_estado) VALUES ('I-5' , 12);
INSERT INTO Tb_Ciudad (codigo, id_estado) VALUES ('I-6' , 12);
INSERT INTO Tb_Ciudad (codigo, id_estado) VALUES ('I-7' , 12);
INSERT INTO Tb_Ciudad (codigo, id_estado) VALUES ('I-8' , 12);
INSERT INTO Tb_Ciudad (codigo, id_estado) VALUES ('I-9' , 12);
INSERT INTO Tb_Ciudad (codigo, id_estado) VALUES ('I-10', 12);
INSERT INTO Tb_Ciudad (codigo, id_estado) VALUES ('I-11', 12);
INSERT INTO Tb_Ciudad (codigo, id_estado) VALUES ('I-12', 12);
INSERT INTO Tb_Ciudad (codigo, id_estado) VALUES ('I-13', 12);
INSERT INTO Tb_Ciudad (codigo, id_estado) VALUES ('I-14', 12);
INSERT INTO Tb_Ciudad (codigo, id_estado) VALUES ('I-15', 12);
INSERT INTO Tb_Ciudad (codigo, id_estado) VALUES ('I-16', 12);
INSERT INTO Tb_Ciudad (codigo, id_estado) VALUES ('I-17', 12);
INSERT INTO Tb_Ciudad (codigo, id_estado) VALUES ('I-18', 12);
INSERT INTO Tb_Ciudad (codigo, id_estado) VALUES ('I-19', 12);
INSERT INTO Tb_Ciudad (codigo, id_estado) VALUES ('I-20', 12);
INSERT INTO Tb_Ciudad (codigo, id_estado) VALUES ('I-21', 12);
INSERT INTO Tb_Ciudad (codigo, id_estado) VALUES ('I-22', 12);
INSERT INTO Tb_Ciudad (codigo, id_estado) VALUES ('I-23', 12);
INSERT INTO Tb_Ciudad (codigo, id_estado) VALUES ('I-24', 12);
INSERT INTO Tb_Ciudad (codigo, id_estado) VALUES ('I-25', 12);
INSERT INTO Tb_Ciudad (codigo, id_estado) VALUES ('J-1' , 13);
INSERT INTO Tb_Ciudad (codigo, id_estado) VALUES ('J-2' , 13);
INSERT INTO Tb_Ciudad (codigo, id_estado) VALUES ('J-3' , 13);
INSERT INTO Tb_Ciudad (codigo, id_estado) VALUES ('J-4' , 13);
INSERT INTO Tb_Ciudad (codigo, id_estado) VALUES ('J-5' , 13);
INSERT INTO Tb_Ciudad (codigo, id_estado) VALUES ('J-6' , 13);
INSERT INTO Tb_Ciudad (codigo, id_estado) VALUES ('J-7' , 13);
INSERT INTO Tb_Ciudad (codigo, id_estado) VALUES ('J-8' , 13);
INSERT INTO Tb_Ciudad (codigo, id_estado) VALUES ('J-9' , 13);
INSERT INTO Tb_Ciudad (codigo, id_estado) VALUES ('J-10', 13);
INSERT INTO Tb_Ciudad (codigo, id_estado) VALUES ('J-11', 13);
INSERT INTO Tb_Ciudad (codigo, id_estado) VALUES ('J-12', 13);
INSERT INTO Tb_Ciudad (codigo, id_estado) VALUES ('J-13', 13);
INSERT INTO Tb_Ciudad (codigo, id_estado) VALUES ('J-14', 13);
INSERT INTO Tb_Ciudad (codigo, id_estado) VALUES ('J-15', 13);
INSERT INTO Tb_Ciudad (codigo, id_estado) VALUES ('K-1' , 14);
INSERT INTO Tb_Ciudad (codigo, id_estado) VALUES ('K-2' , 14);
INSERT INTO Tb_Ciudad (codigo, id_estado) VALUES ('K-3' , 14);
INSERT INTO Tb_Ciudad (codigo, id_estado) VALUES ('K-4' , 14);
INSERT INTO Tb_Ciudad (codigo, id_estado) VALUES ('K-5' , 14);
INSERT INTO Tb_Ciudad (codigo, id_estado) VALUES ('K-6' , 14);
INSERT INTO Tb_Ciudad (codigo, id_estado) VALUES ('K-7' , 14);
INSERT INTO Tb_Ciudad (codigo, id_estado) VALUES ('K-8' , 14);
INSERT INTO Tb_Ciudad (codigo, id_estado) VALUES ('K-9' , 14);
INSERT INTO Tb_Ciudad (codigo, id_estado) VALUES ('L-1' , 15);
INSERT INTO Tb_Ciudad (codigo, id_estado) VALUES ('L-2' , 15);
INSERT INTO Tb_Ciudad (codigo, id_estado) VALUES ('L-3' , 15);
INSERT INTO Tb_Ciudad (codigo, id_estado) VALUES ('L-4' , 15);
INSERT INTO Tb_Ciudad (codigo, id_estado) VALUES ('L-5' , 15);
INSERT INTO Tb_Ciudad (codigo, id_estado) VALUES ('L-6' , 15);
INSERT INTO Tb_Ciudad (codigo, id_estado) VALUES ('L-7' , 15);
INSERT INTO Tb_Ciudad (codigo, id_estado) VALUES ('L-8' , 15);
INSERT INTO Tb_Ciudad (codigo, id_estado) VALUES ('L-9' , 15);
INSERT INTO Tb_Ciudad (codigo, id_estado) VALUES ('L-10', 15);
INSERT INTO Tb_Ciudad (codigo, id_estado) VALUES ('L-11', 15);
INSERT INTO Tb_Ciudad (codigo, id_estado) VALUES ('L-12', 15);
INSERT INTO Tb_Ciudad (codigo, id_estado) VALUES ('L-13', 15);
INSERT INTO Tb_Ciudad (codigo, id_estado) VALUES ('L-14', 15);
INSERT INTO Tb_Ciudad (codigo, id_estado) VALUES ('L-15', 15);
INSERT INTO Tb_Ciudad (codigo, id_estado) VALUES ('L-16', 15);
INSERT INTO Tb_Ciudad (codigo, id_estado) VALUES ('L-17', 15);
INSERT INTO Tb_Ciudad (codigo, id_estado) VALUES ('L-18', 15);
INSERT INTO Tb_Ciudad (codigo, id_estado) VALUES ('L-19', 15);
INSERT INTO Tb_Ciudad (codigo, id_estado) VALUES ('L-20', 15);
INSERT INTO Tb_Ciudad (codigo, id_estado) VALUES ('L-21', 15);
INSERT INTO Tb_Ciudad (codigo, id_estado) VALUES ('L-22', 15);
INSERT INTO Tb_Ciudad (codigo, id_estado) VALUES ('L-23', 15);
INSERT INTO Tb_Ciudad (codigo, id_estado) VALUES ('M-1' , 16);
INSERT INTO Tb_Ciudad (codigo, id_estado) VALUES ('M-2' , 16);
INSERT INTO Tb_Ciudad (codigo, id_estado) VALUES ('M-3' , 16);
INSERT INTO Tb_Ciudad (codigo, id_estado) VALUES ('M-4' , 16);
INSERT INTO Tb_Ciudad (codigo, id_estado) VALUES ('M-5' , 16);
INSERT INTO Tb_Ciudad (codigo, id_estado) VALUES ('M-6' , 16);
INSERT INTO Tb_Ciudad (codigo, id_estado) VALUES ('M-7' , 16);
INSERT INTO Tb_Ciudad (codigo, id_estado) VALUES ('M-8' , 16);
INSERT INTO Tb_Ciudad (codigo, id_estado) VALUES ('M-9' , 16);
INSERT INTO Tb_Ciudad (codigo, id_estado) VALUES ('M-10', 16);
INSERT INTO Tb_Ciudad (codigo, id_estado) VALUES ('M-11', 16);
INSERT INTO Tb_Ciudad (codigo, id_estado) VALUES ('M-12', 16);
INSERT INTO Tb_Ciudad (codigo, id_estado) VALUES ('M-13', 16);
INSERT INTO Tb_Ciudad (codigo, id_estado) VALUES ('M-14', 16);
INSERT INTO Tb_Ciudad (codigo, id_estado) VALUES ('M-15', 16);
INSERT INTO Tb_Ciudad (codigo, id_estado) VALUES ('M-16', 16);
INSERT INTO Tb_Ciudad (codigo, id_estado) VALUES ('M-17', 16);
INSERT INTO Tb_Ciudad (codigo, id_estado) VALUES ('M-18', 16);
INSERT INTO Tb_Ciudad (codigo, id_estado) VALUES ('M-19', 16);
INSERT INTO Tb_Ciudad (codigo, id_estado) VALUES ('M-20', 16);
INSERT INTO Tb_Ciudad (codigo, id_estado) VALUES ('M-21', 16);
INSERT INTO Tb_Ciudad (codigo, id_estado) VALUES ('N-1' , 17);
INSERT INTO Tb_Ciudad (codigo, id_estado) VALUES ('N-2' , 17);
INSERT INTO Tb_Ciudad (codigo, id_estado) VALUES ('N-3' , 17);
INSERT INTO Tb_Ciudad (codigo, id_estado) VALUES ('N-4' , 17);
INSERT INTO Tb_Ciudad (codigo, id_estado) VALUES ('N-5' , 17);
INSERT INTO Tb_Ciudad (codigo, id_estado) VALUES ('N-6' , 17);
INSERT INTO Tb_Ciudad (codigo, id_estado) VALUES ('N-7' , 17);
INSERT INTO Tb_Ciudad (codigo, id_estado) VALUES ('N-8' , 17);
INSERT INTO Tb_Ciudad (codigo, id_estado) VALUES ('N-9' , 17);
INSERT INTO Tb_Ciudad (codigo, id_estado) VALUES ('N-10', 17);
INSERT INTO Tb_Ciudad (codigo, id_estado) VALUES ('N-11', 17);
INSERT INTO Tb_Ciudad (codigo, id_estado) VALUES ('N-12', 17);
INSERT INTO Tb_Ciudad (codigo, id_estado) VALUES ('N-13', 17);
INSERT INTO Tb_Ciudad (codigo, id_estado) VALUES ('O-1' , 18);
INSERT INTO Tb_Ciudad (codigo, id_estado) VALUES ('O-2' , 18);
INSERT INTO Tb_Ciudad (codigo, id_estado) VALUES ('O-3' , 18);
INSERT INTO Tb_Ciudad (codigo, id_estado) VALUES ('O-4' , 18);
INSERT INTO Tb_Ciudad (codigo, id_estado) VALUES ('O-5' , 18);
INSERT INTO Tb_Ciudad (codigo, id_estado) VALUES ('O-6' , 18);
INSERT INTO Tb_Ciudad (codigo, id_estado) VALUES ('O-7' , 18);
INSERT INTO Tb_Ciudad (codigo, id_estado) VALUES ('O-8' , 18);
INSERT INTO Tb_Ciudad (codigo, id_estado) VALUES ('O-9' , 18);
INSERT INTO Tb_Ciudad (codigo, id_estado) VALUES ('O-10', 18);
INSERT INTO Tb_Ciudad (codigo, id_estado) VALUES ('O-11', 18);
INSERT INTO Tb_Ciudad (codigo, id_estado) VALUES ('P-1' , 19);
INSERT INTO Tb_Ciudad (codigo, id_estado) VALUES ('P-2' , 19);
INSERT INTO Tb_Ciudad (codigo, id_estado) VALUES ('P-3' , 19);
INSERT INTO Tb_Ciudad (codigo, id_estado) VALUES ('P-4' , 19);
INSERT INTO Tb_Ciudad (codigo, id_estado) VALUES ('P-5' , 19);
INSERT INTO Tb_Ciudad (codigo, id_estado) VALUES ('P-6' , 19);
INSERT INTO Tb_Ciudad (codigo, id_estado) VALUES ('P-7' , 19);
INSERT INTO Tb_Ciudad (codigo, id_estado) VALUES ('P-8' , 19);
INSERT INTO Tb_Ciudad (codigo, id_estado) VALUES ('P-9' , 19);
INSERT INTO Tb_Ciudad (codigo, id_estado) VALUES ('P-10', 19);
INSERT INTO Tb_Ciudad (codigo, id_estado) VALUES ('P-11', 19);
INSERT INTO Tb_Ciudad (codigo, id_estado) VALUES ('P-12', 19);
INSERT INTO Tb_Ciudad (codigo, id_estado) VALUES ('P-13', 19);
INSERT INTO Tb_Ciudad (codigo, id_estado) VALUES ('P-14', 19);
INSERT INTO Tb_Ciudad (codigo, id_estado) VALUES ('R-1' , 20);
INSERT INTO Tb_Ciudad (codigo, id_estado) VALUES ('R-2' , 20);
INSERT INTO Tb_Ciudad (codigo, id_estado) VALUES ('R-3' , 20);
INSERT INTO Tb_Ciudad (codigo, id_estado) VALUES ('R-4' , 20);
INSERT INTO Tb_Ciudad (codigo, id_estado) VALUES ('R-5' , 20);
INSERT INTO Tb_Ciudad (codigo, id_estado) VALUES ('R-6' , 20);
INSERT INTO Tb_Ciudad (codigo, id_estado) VALUES ('R-7' , 20);
INSERT INTO Tb_Ciudad (codigo, id_estado) VALUES ('R-8' , 20);
INSERT INTO Tb_Ciudad (codigo, id_estado) VALUES ('R-9' , 20);
INSERT INTO Tb_Ciudad (codigo, id_estado) VALUES ('R-10', 20);
INSERT INTO Tb_Ciudad (codigo, id_estado) VALUES ('R-11', 20);
INSERT INTO Tb_Ciudad (codigo, id_estado) VALUES ('R-12', 20);
INSERT INTO Tb_Ciudad (codigo, id_estado) VALUES ('R-13', 20);
INSERT INTO Tb_Ciudad (codigo, id_estado) VALUES ('R-14', 20);
INSERT INTO Tb_Ciudad (codigo, id_estado) VALUES ('R-15', 20);
INSERT INTO Tb_Ciudad (codigo, id_estado) VALUES ('S-1' , 21);
INSERT INTO Tb_Ciudad (codigo, id_estado) VALUES ('S-2' , 21);
INSERT INTO Tb_Ciudad (codigo, id_estado) VALUES ('S-3' , 21);
INSERT INTO Tb_Ciudad (codigo, id_estado) VALUES ('S-4' , 21);
INSERT INTO Tb_Ciudad (codigo, id_estado) VALUES ('S-5' , 21);
INSERT INTO Tb_Ciudad (codigo, id_estado) VALUES ('S-6' , 21);
INSERT INTO Tb_Ciudad (codigo, id_estado) VALUES ('S-7' , 21);
INSERT INTO Tb_Ciudad (codigo, id_estado) VALUES ('S-8' , 21);
INSERT INTO Tb_Ciudad (codigo, id_estado) VALUES ('S-9' , 21);
INSERT INTO Tb_Ciudad (codigo, id_estado) VALUES ('S-10', 21);
INSERT INTO Tb_Ciudad (codigo, id_estado) VALUES ('S-11', 21);
INSERT INTO Tb_Ciudad (codigo, id_estado) VALUES ('S-12', 21);
INSERT INTO Tb_Ciudad (codigo, id_estado) VALUES ('S-13', 21);
INSERT INTO Tb_Ciudad (codigo, id_estado) VALUES ('S-14', 21);
INSERT INTO Tb_Ciudad (codigo, id_estado) VALUES ('S-15', 21);
INSERT INTO Tb_Ciudad (codigo, id_estado) VALUES ('S-16', 21);
INSERT INTO Tb_Ciudad (codigo, id_estado) VALUES ('S-17', 21);
INSERT INTO Tb_Ciudad (codigo, id_estado) VALUES ('S-18', 21);
INSERT INTO Tb_Ciudad (codigo, id_estado) VALUES ('S-19', 21);
INSERT INTO Tb_Ciudad (codigo, id_estado) VALUES ('S-20', 21);
INSERT INTO Tb_Ciudad (codigo, id_estado) VALUES ('S-21', 21);
INSERT INTO Tb_Ciudad (codigo, id_estado) VALUES ('S-22', 21);
INSERT INTO Tb_Ciudad (codigo, id_estado) VALUES ('S-23', 21);
INSERT INTO Tb_Ciudad (codigo, id_estado) VALUES ('S-24', 21);
INSERT INTO Tb_Ciudad (codigo, id_estado) VALUES ('S-25', 21);
INSERT INTO Tb_Ciudad (codigo, id_estado) VALUES ('S-26', 21);
INSERT INTO Tb_Ciudad (codigo, id_estado) VALUES ('S-27', 21);
INSERT INTO Tb_Ciudad (codigo, id_estado) VALUES ('S-28', 21);
INSERT INTO Tb_Ciudad (codigo, id_estado) VALUES ('S-29', 21);
INSERT INTO Tb_Ciudad (codigo, id_estado) VALUES ('T-1' , 22);
INSERT INTO Tb_Ciudad (codigo, id_estado) VALUES ('T-2' , 22);
INSERT INTO Tb_Ciudad (codigo, id_estado) VALUES ('T-3' , 22);
INSERT INTO Tb_Ciudad (codigo, id_estado) VALUES ('T-4' , 22);
INSERT INTO Tb_Ciudad (codigo, id_estado) VALUES ('T-5' , 22);
INSERT INTO Tb_Ciudad (codigo, id_estado) VALUES ('T-6' , 22);
INSERT INTO Tb_Ciudad (codigo, id_estado) VALUES ('T-7' , 22);
INSERT INTO Tb_Ciudad (codigo, id_estado) VALUES ('T-8' , 22);
INSERT INTO Tb_Ciudad (codigo, id_estado) VALUES ('T-9' , 22);
INSERT INTO Tb_Ciudad (codigo, id_estado) VALUES ('T-10', 22);
INSERT INTO Tb_Ciudad (codigo, id_estado) VALUES ('T-11', 22);
INSERT INTO Tb_Ciudad (codigo, id_estado) VALUES ('T-12', 22);
INSERT INTO Tb_Ciudad (codigo, id_estado) VALUES ('T-13', 22);
INSERT INTO Tb_Ciudad (codigo, id_estado) VALUES ('T-14', 22);
INSERT INTO Tb_Ciudad (codigo, id_estado) VALUES ('T-15', 22);
INSERT INTO Tb_Ciudad (codigo, id_estado) VALUES ('T-16', 22);
INSERT INTO Tb_Ciudad (codigo, id_estado) VALUES ('T-17', 22);
INSERT INTO Tb_Ciudad (codigo, id_estado) VALUES ('T-18', 22);
INSERT INTO Tb_Ciudad (codigo, id_estado) VALUES ('T-19', 22);
INSERT INTO Tb_Ciudad (codigo, id_estado) VALUES ('T-20', 22);
INSERT INTO Tb_Ciudad (codigo, id_estado) VALUES ('W-1' , 23);
INSERT INTO Tb_Ciudad (codigo, id_estado) VALUES ('W-2' , 23);
INSERT INTO Tb_Ciudad (codigo, id_estado) VALUES ('W-3' , 23);
INSERT INTO Tb_Ciudad (codigo, id_estado) VALUES ('W-4' , 23);
INSERT INTO Tb_Ciudad (codigo, id_estado) VALUES ('W-5' , 23);
INSERT INTO Tb_Ciudad (codigo, id_estado) VALUES ('W-6' , 23);
INSERT INTO Tb_Ciudad (codigo, id_estado) VALUES ('W-7' , 23);
INSERT INTO Tb_Ciudad (codigo, id_estado) VALUES ('W-8' , 23);
INSERT INTO Tb_Ciudad (codigo, id_estado) VALUES ('W-9' , 23);
INSERT INTO Tb_Ciudad (codigo, id_estado) VALUES ('W-10', 23);
INSERT INTO Tb_Ciudad (codigo, id_estado) VALUES ('W-11', 23);
INSERT INTO Tb_Ciudad (codigo, id_estado) VALUES ('U-1' , 24);
INSERT INTO Tb_Ciudad (codigo, id_estado) VALUES ('U-2' , 24);
INSERT INTO Tb_Ciudad (codigo, id_estado) VALUES ('U-3' , 24);
INSERT INTO Tb_Ciudad (codigo, id_estado) VALUES ('U-4' , 24);
INSERT INTO Tb_Ciudad (codigo, id_estado) VALUES ('U-5' , 24);
INSERT INTO Tb_Ciudad (codigo, id_estado) VALUES ('U-6' , 24);
INSERT INTO Tb_Ciudad (codigo, id_estado) VALUES ('U-7' , 24);
INSERT INTO Tb_Ciudad (codigo, id_estado) VALUES ('U-8' , 24);
INSERT INTO Tb_Ciudad (codigo, id_estado) VALUES ('U-9' , 24);
INSERT INTO Tb_Ciudad (codigo, id_estado) VALUES ('U-10', 24);
INSERT INTO Tb_Ciudad (codigo, id_estado) VALUES ('U-11', 24);
INSERT INTO Tb_Ciudad (codigo, id_estado) VALUES ('U-12', 24);
INSERT INTO Tb_Ciudad (codigo, id_estado) VALUES ('U-13', 24);
INSERT INTO Tb_Ciudad (codigo, id_estado) VALUES ('U-14', 24);
INSERT INTO Tb_Ciudad (codigo, id_estado) VALUES ('V-1' , 25);
INSERT INTO Tb_Ciudad (codigo, id_estado) VALUES ('V-2' , 25);
INSERT INTO Tb_Ciudad (codigo, id_estado) VALUES ('V-3' , 25);
INSERT INTO Tb_Ciudad (codigo, id_estado) VALUES ('V-4' , 25);
INSERT INTO Tb_Ciudad (codigo, id_estado) VALUES ('V-5' , 25);
INSERT INTO Tb_Ciudad (codigo, id_estado) VALUES ('V-6' , 25);
INSERT INTO Tb_Ciudad (codigo, id_estado) VALUES ('V-7' , 25);
INSERT INTO Tb_Ciudad (codigo, id_estado) VALUES ('V-8' , 25);
INSERT INTO Tb_Ciudad (codigo, id_estado) VALUES ('V-9' , 25);
INSERT INTO Tb_Ciudad (codigo, id_estado) VALUES ('V-10', 25);
INSERT INTO Tb_Ciudad (codigo, id_estado) VALUES ('V-11', 25);
INSERT INTO Tb_Ciudad (codigo, id_estado) VALUES ('V-12', 25);
INSERT INTO Tb_Ciudad (codigo, id_estado) VALUES ('V-13', 25);
INSERT INTO Tb_Ciudad (codigo, id_estado) VALUES ('V-14', 25);
INSERT INTO Tb_Ciudad (codigo, id_estado) VALUES ('V-15', 25);
INSERT INTO Tb_Ciudad (codigo, id_estado) VALUES ('V-16', 25);
INSERT INTO Tb_Ciudad (codigo, id_estado) VALUES ('V-17', 25);
INSERT INTO Tb_Ciudad (codigo, id_estado) VALUES ('V-18', 25);
INSERT INTO Tb_Ciudad (codigo, id_estado) VALUES ('V-19', 25);
INSERT INTO Tb_Ciudad (codigo, id_estado) VALUES ('V-20', 25);
INSERT INTO Tb_Ciudad (codigo, id_estado) VALUES ('V-21', 25);

DROP TEMPORARY TABLE temp;

CREATE TEMPORARY TABLE temp (codigo CHAR(5), ciudad VARCHAR(50));

-- VERSION ESPAÑOL
INSERT INTO temp (codigo, ciudad) VALUES ('X-1' , 'Isla Ratón');
INSERT INTO temp (codigo, ciudad) VALUES ('X-2' , 'La Esmeralda');
INSERT INTO temp (codigo, ciudad) VALUES ('X-3' , 'Maroa');
INSERT INTO temp (codigo, ciudad) VALUES ('X-4' , 'Puerto Ayacucho');
INSERT INTO temp (codigo, ciudad) VALUES ('X-5' , 'San Carlos de Río Negro');
INSERT INTO temp (codigo, ciudad) VALUES ('X-6' , 'San Fernando de Atabapo');
INSERT INTO temp (codigo, ciudad) VALUES ('X-7' , 'San Juan de Manapiare');
INSERT INTO temp (codigo, ciudad) VALUES ('B-1' , 'Anaco');
INSERT INTO temp (codigo, ciudad) VALUES ('B-2' , 'Aragua de Barcelona');
INSERT INTO temp (codigo, ciudad) VALUES ('B-3' , 'Barcelona');
INSERT INTO temp (codigo, ciudad) VALUES ('B-4' , 'Boca de Uchire');
INSERT INTO temp (codigo, ciudad) VALUES ('B-5' , 'Cantaura');
INSERT INTO temp (codigo, ciudad) VALUES ('B-6' , 'Clarines');
INSERT INTO temp (codigo, ciudad) VALUES ('B-7' , 'El Chaparro');
INSERT INTO temp (codigo, ciudad) VALUES ('B-8' , 'El Tigre');
INSERT INTO temp (codigo, ciudad) VALUES ('B-9' , 'El Tigrito');
INSERT INTO temp (codigo, ciudad) VALUES ('B-10', 'Guanta');
INSERT INTO temp (codigo, ciudad) VALUES ('B-11', 'Lechería');
INSERT INTO temp (codigo, ciudad) VALUES ('B-12', 'Mapire');
INSERT INTO temp (codigo, ciudad) VALUES ('B-13', 'Onoto');
INSERT INTO temp (codigo, ciudad) VALUES ('B-14', 'Pariaguán');
INSERT INTO temp (codigo, ciudad) VALUES ('B-15', 'Píritu');
INSERT INTO temp (codigo, ciudad) VALUES ('B-16', 'Puerto la Cruz');
INSERT INTO temp (codigo, ciudad) VALUES ('B-17', 'Puerto Píritu');
INSERT INTO temp (codigo, ciudad) VALUES ('B-18', 'San Mateo');
INSERT INTO temp (codigo, ciudad) VALUES ('B-19', 'Santa Ana');
INSERT INTO temp (codigo, ciudad) VALUES ('B-20', 'Soledad');
INSERT INTO temp (codigo, ciudad) VALUES ('B-21', 'Valle de Guanape');
INSERT INTO temp (codigo, ciudad) VALUES ('C-1' , 'Achaguas');
INSERT INTO temp (codigo, ciudad) VALUES ('C-2' , 'Biruaca');
INSERT INTO temp (codigo, ciudad) VALUES ('C-3' , 'Muñoz');
INSERT INTO temp (codigo, ciudad) VALUES ('C-4' , 'Páez');
INSERT INTO temp (codigo, ciudad) VALUES ('C-5' , 'Pedro Camejo');
INSERT INTO temp (codigo, ciudad) VALUES ('C-6' , 'Rómulo Gallegos');
INSERT INTO temp (codigo, ciudad) VALUES ('C-7' , 'San Fernando');
INSERT INTO temp (codigo, ciudad) VALUES ('D-1' , 'Barbacoas');
INSERT INTO temp (codigo, ciudad) VALUES ('D-2' , 'Cagua');
INSERT INTO temp (codigo, ciudad) VALUES ('D-3' , 'Camatagua');
INSERT INTO temp (codigo, ciudad) VALUES ('D-4' , 'Colonia Tovar');
INSERT INTO temp (codigo, ciudad) VALUES ('D-5' , 'El Consejo');
INSERT INTO temp (codigo, ciudad) VALUES ('D-6' , 'El Limón');
INSERT INTO temp (codigo, ciudad) VALUES ('D-7' , 'La Victoria');
INSERT INTO temp (codigo, ciudad) VALUES ('D-8' , 'Las Tejerías');
INSERT INTO temp (codigo, ciudad) VALUES ('D-9' , 'Maracay');
INSERT INTO temp (codigo, ciudad) VALUES ('D-10', 'Ocumare de la Costa');
INSERT INTO temp (codigo, ciudad) VALUES ('D-11', 'Palo Negro');
INSERT INTO temp (codigo, ciudad) VALUES ('D-12', 'San Casimiro');
INSERT INTO temp (codigo, ciudad) VALUES ('D-13', 'San Sebastián');
INSERT INTO temp (codigo, ciudad) VALUES ('D-14', 'Santa Cruz');
INSERT INTO temp (codigo, ciudad) VALUES ('D-15', 'Santa Rita');
INSERT INTO temp (codigo, ciudad) VALUES ('D-16', 'Turmero');
INSERT INTO temp (codigo, ciudad) VALUES ('D-17', 'Villa de Cura');
INSERT INTO temp (codigo, ciudad) VALUES ('E-1' , 'Arismendi');
INSERT INTO temp (codigo, ciudad) VALUES ('E-2' , 'Barinas');
INSERT INTO temp (codigo, ciudad) VALUES ('E-3' , 'Barinitas');
INSERT INTO temp (codigo, ciudad) VALUES ('E-4' , 'Barrancas');
INSERT INTO temp (codigo, ciudad) VALUES ('E-5' , 'Ciudad Bolivia');
INSERT INTO temp (codigo, ciudad) VALUES ('E-6' , 'Ciudad de Nutrias');
INSERT INTO temp (codigo, ciudad) VALUES ('E-7' , 'El Cantón');
INSERT INTO temp (codigo, ciudad) VALUES ('E-8' , 'Libertad');
INSERT INTO temp (codigo, ciudad) VALUES ('E-9' , 'Obispos');
INSERT INTO temp (codigo, ciudad) VALUES ('E-10', 'Sabaneta');
INSERT INTO temp (codigo, ciudad) VALUES ('E-11', 'Santa Bárbara');
INSERT INTO temp (codigo, ciudad) VALUES ('E-12', 'Socopó');
INSERT INTO temp (codigo, ciudad) VALUES ('F-1' , 'Caicara del Orinoco');
INSERT INTO temp (codigo, ciudad) VALUES ('F-2' , 'Ciudad Bolívar');
INSERT INTO temp (codigo, ciudad) VALUES ('F-3' , 'Ciudad Guayana');
INSERT INTO temp (codigo, ciudad) VALUES ('F-4' , 'Ciudad Piar');
INSERT INTO temp (codigo, ciudad) VALUES ('F-5' , 'El Callao');
INSERT INTO temp (codigo, ciudad) VALUES ('F-6' , 'El Palmar');
INSERT INTO temp (codigo, ciudad) VALUES ('F-7' , 'Guasipati');
INSERT INTO temp (codigo, ciudad) VALUES ('F-8' , 'Maripa');
INSERT INTO temp (codigo, ciudad) VALUES ('F-9' , 'Puerto Ordaz');
INSERT INTO temp (codigo, ciudad) VALUES ('F-10', 'San Félix');
INSERT INTO temp (codigo, ciudad) VALUES ('F-11', 'Santa Elena de Uairén');
INSERT INTO temp (codigo, ciudad) VALUES ('F-12', 'Tumeremo');
INSERT INTO temp (codigo, ciudad) VALUES ('F-13', 'Upata');
INSERT INTO temp (codigo, ciudad) VALUES ('G-1' , 'Bejuma');
INSERT INTO temp (codigo, ciudad) VALUES ('G-2' , 'Guacara');
INSERT INTO temp (codigo, ciudad) VALUES ('G-3' , 'Güigüe');
INSERT INTO temp (codigo, ciudad) VALUES ('G-4' , 'Los Guayos');
INSERT INTO temp (codigo, ciudad) VALUES ('G-5' , 'Mariara');
INSERT INTO temp (codigo, ciudad) VALUES ('G-6' , 'Miranda');
INSERT INTO temp (codigo, ciudad) VALUES ('G-7' , 'Montalbán');
INSERT INTO temp (codigo, ciudad) VALUES ('G-8' , 'Morón');
INSERT INTO temp (codigo, ciudad) VALUES ('G-9' , 'Naguanagua');
INSERT INTO temp (codigo, ciudad) VALUES ('G-10', 'Puerto Cabello');
INSERT INTO temp (codigo, ciudad) VALUES ('G-11', 'San Diego');
INSERT INTO temp (codigo, ciudad) VALUES ('G-12', 'San Joaquín');
INSERT INTO temp (codigo, ciudad) VALUES ('G-13', 'Tocuyito');
INSERT INTO temp (codigo, ciudad) VALUES ('G-14', 'Valencia');
INSERT INTO temp (codigo, ciudad) VALUES ('H-1' , 'Ciudad de Cojedes');
INSERT INTO temp (codigo, ciudad) VALUES ('H-2' , 'El Baúl');
INSERT INTO temp (codigo, ciudad) VALUES ('H-3' , 'El Pao');
INSERT INTO temp (codigo, ciudad) VALUES ('H-4' , 'Las Vegas');
INSERT INTO temp (codigo, ciudad) VALUES ('H-5' , 'Libertad');
INSERT INTO temp (codigo, ciudad) VALUES ('H-6' , 'Macapo');
INSERT INTO temp (codigo, ciudad) VALUES ('H-7' , 'San Carlos');
INSERT INTO temp (codigo, ciudad) VALUES ('H-8' , 'Tinaco');
INSERT INTO temp (codigo, ciudad) VALUES ('H-9' , 'Tinaquillo');
INSERT INTO temp (codigo, ciudad) VALUES ('Y-1' , 'Curiapo');
INSERT INTO temp (codigo, ciudad) VALUES ('Y-2' , 'Pedernales');
INSERT INTO temp (codigo, ciudad) VALUES ('Y-3' , 'Sierra Imataca');
INSERT INTO temp (codigo, ciudad) VALUES ('Y-4' , 'Tucpita');
INSERT INTO temp (codigo, ciudad) VALUES ('A-1' , 'Caracas');
INSERT INTO temp (codigo, ciudad) VALUES ('I-1' , 'Cabure');
INSERT INTO temp (codigo, ciudad) VALUES ('I-2' , 'Capatárida');
INSERT INTO temp (codigo, ciudad) VALUES ('I-3' , 'Chichiriviche');
INSERT INTO temp (codigo, ciudad) VALUES ('I-4' , 'Churuguara');
INSERT INTO temp (codigo, ciudad) VALUES ('I-5' , 'Dabajuro');
INSERT INTO temp (codigo, ciudad) VALUES ('I-6' , 'Jacura');
INSERT INTO temp (codigo, ciudad) VALUES ('I-7' , 'La Cruz de Taratara');
INSERT INTO temp (codigo, ciudad) VALUES ('I-8' , 'La Vela de Coro');
INSERT INTO temp (codigo, ciudad) VALUES ('I-9' , 'Mene de Mauroa');
INSERT INTO temp (codigo, ciudad) VALUES ('I-10', 'Mirimire');
INSERT INTO temp (codigo, ciudad) VALUES ('I-11', 'Palma Sola');
INSERT INTO temp (codigo, ciudad) VALUES ('I-12', 'Pedregal');
INSERT INTO temp (codigo, ciudad) VALUES ('I-13', 'Píritu');
INSERT INTO temp (codigo, ciudad) VALUES ('I-14', 'Pueblo Nuevo');
INSERT INTO temp (codigo, ciudad) VALUES ('I-15', 'Puerto Cumarebo');
INSERT INTO temp (codigo, ciudad) VALUES ('I-16', 'Punto Fijo');
INSERT INTO temp (codigo, ciudad) VALUES ('I-17', 'San Juan de los Cayos');
INSERT INTO temp (codigo, ciudad) VALUES ('I-18', 'San Luis');
INSERT INTO temp (codigo, ciudad) VALUES ('I-19', 'Santa Ana de Coro');
INSERT INTO temp (codigo, ciudad) VALUES ('I-20', 'Santa Cruz de Bucaral');
INSERT INTO temp (codigo, ciudad) VALUES ('I-21', 'Santa Cruz de Los Taques');
INSERT INTO temp (codigo, ciudad) VALUES ('I-22', 'Tocópero');
INSERT INTO temp (codigo, ciudad) VALUES ('I-23', 'Tucacas');
INSERT INTO temp (codigo, ciudad) VALUES ('I-24', 'Urumaco');
INSERT INTO temp (codigo, ciudad) VALUES ('I-25', 'Yaracal');
INSERT INTO temp (codigo, ciudad) VALUES ('J-1' , 'Altagracia de Orituco');
INSERT INTO temp (codigo, ciudad) VALUES ('J-2' , 'Calabozo');
INSERT INTO temp (codigo, ciudad) VALUES ('J-3' , 'Camaguán');
INSERT INTO temp (codigo, ciudad) VALUES ('J-4' , 'Chaguaramas');
INSERT INTO temp (codigo, ciudad) VALUES ('J-5' , 'El Socorro');
INSERT INTO temp (codigo, ciudad) VALUES ('J-6' , 'El Sombrero');
INSERT INTO temp (codigo, ciudad) VALUES ('J-7' , 'Guayabal');
INSERT INTO temp (codigo, ciudad) VALUES ('J-8' , 'Las Mercedes del Llano');
INSERT INTO temp (codigo, ciudad) VALUES ('J-9' , 'Ortiz');
INSERT INTO temp (codigo, ciudad) VALUES ('J-10', 'San José de Guaribe');
INSERT INTO temp (codigo, ciudad) VALUES ('J-11', 'San Juan De Los Morros');
INSERT INTO temp (codigo, ciudad) VALUES ('J-12', 'Santa María de Ipire');
INSERT INTO temp (codigo, ciudad) VALUES ('J-13', 'Tucupido');
INSERT INTO temp (codigo, ciudad) VALUES ('J-14', 'Valle de la Pascua');
INSERT INTO temp (codigo, ciudad) VALUES ('J-15', 'Zaraza');
INSERT INTO temp (codigo, ciudad) VALUES ('K-1' , 'Barquisimeto');
INSERT INTO temp (codigo, ciudad) VALUES ('K-2' , 'Cabudare');
INSERT INTO temp (codigo, ciudad) VALUES ('K-3' , 'Carora');
INSERT INTO temp (codigo, ciudad) VALUES ('K-4' , 'Duaca');
INSERT INTO temp (codigo, ciudad) VALUES ('K-5' , 'El Tocuyo');
INSERT INTO temp (codigo, ciudad) VALUES ('K-6' , 'Quíbor');
INSERT INTO temp (codigo, ciudad) VALUES ('K-7' , 'Sanare');
INSERT INTO temp (codigo, ciudad) VALUES ('K-8' , 'Sarare');
INSERT INTO temp (codigo, ciudad) VALUES ('K-9' , 'Siquisique');
INSERT INTO temp (codigo, ciudad) VALUES ('L-1' , 'Arapuey');
INSERT INTO temp (codigo, ciudad) VALUES ('L-2' , 'Aricagua');
INSERT INTO temp (codigo, ciudad) VALUES ('L-3' , 'Bailadores');
INSERT INTO temp (codigo, ciudad) VALUES ('L-4' , 'Canagua');
INSERT INTO temp (codigo, ciudad) VALUES ('L-5' , 'Ejido');
INSERT INTO temp (codigo, ciudad) VALUES ('L-6' , 'El Vigía');
INSERT INTO temp (codigo, ciudad) VALUES ('L-7' , 'Guaraque');
INSERT INTO temp (codigo, ciudad) VALUES ('L-8' , 'La Azulita');
INSERT INTO temp (codigo, ciudad) VALUES ('L-9' , 'Lagunillas');
INSERT INTO temp (codigo, ciudad) VALUES ('L-10', 'Mérida');
INSERT INTO temp (codigo, ciudad) VALUES ('L-11', 'Mucuchíes');
INSERT INTO temp (codigo, ciudad) VALUES ('L-12', 'Nueva Bolivia');
INSERT INTO temp (codigo, ciudad) VALUES ('L-13', 'Pueblo Llano');
INSERT INTO temp (codigo, ciudad) VALUES ('L-14', 'Santa Cruz de Mora');
INSERT INTO temp (codigo, ciudad) VALUES ('L-15', 'Santa Elena de Arenales');
INSERT INTO temp (codigo, ciudad) VALUES ('L-16', 'Santa María de Caparo');
INSERT INTO temp (codigo, ciudad) VALUES ('L-17', 'Santo Domingo');
INSERT INTO temp (codigo, ciudad) VALUES ('L-18', 'Tabay');
INSERT INTO temp (codigo, ciudad) VALUES ('L-19', 'Timotes');
INSERT INTO temp (codigo, ciudad) VALUES ('L-20', 'Torondoy');
INSERT INTO temp (codigo, ciudad) VALUES ('L-21', 'Tovar');
INSERT INTO temp (codigo, ciudad) VALUES ('L-22', 'Tucani');
INSERT INTO temp (codigo, ciudad) VALUES ('L-23', 'Zea');
INSERT INTO temp (codigo, ciudad) VALUES ('M-1' , 'Baruta');
INSERT INTO temp (codigo, ciudad) VALUES ('M-2' , 'Carrizal');
INSERT INTO temp (codigo, ciudad) VALUES ('M-3' , 'Caucagua');
INSERT INTO temp (codigo, ciudad) VALUES ('M-4' , 'Chacao');
INSERT INTO temp (codigo, ciudad) VALUES ('M-5' , 'Charallave');
INSERT INTO temp (codigo, ciudad) VALUES ('M-6' , 'Cúa');
INSERT INTO temp (codigo, ciudad) VALUES ('M-7' , 'Cúpira');
INSERT INTO temp (codigo, ciudad) VALUES ('M-8' , 'El Hatillo');
INSERT INTO temp (codigo, ciudad) VALUES ('M-9' , 'Guarenas');
INSERT INTO temp (codigo, ciudad) VALUES ('M-10', 'Guatire');
INSERT INTO temp (codigo, ciudad) VALUES ('M-11', 'Higuerote');
INSERT INTO temp (codigo, ciudad) VALUES ('M-12', 'Los Teques');
INSERT INTO temp (codigo, ciudad) VALUES ('M-13', 'Mamporal');
INSERT INTO temp (codigo, ciudad) VALUES ('M-14', 'Ocumare del Tuy');
INSERT INTO temp (codigo, ciudad) VALUES ('M-15', 'Petare');
INSERT INTO temp (codigo, ciudad) VALUES ('M-16', 'Río Chico');
INSERT INTO temp (codigo, ciudad) VALUES ('M-17', 'San Antonio de Los Altos');
INSERT INTO temp (codigo, ciudad) VALUES ('M-18', 'San Francisco de Yare');
INSERT INTO temp (codigo, ciudad) VALUES ('M-19', 'San José de Barlovento');
INSERT INTO temp (codigo, ciudad) VALUES ('M-20', 'Santa Lucía del Tuy');
INSERT INTO temp (codigo, ciudad) VALUES ('M-21', 'Santa Teresa del Tuy');
INSERT INTO temp (codigo, ciudad) VALUES ('N-1' , 'Aguasay');
INSERT INTO temp (codigo, ciudad) VALUES ('N-2' , 'Aragua de Maturín');
INSERT INTO temp (codigo, ciudad) VALUES ('N-3' , 'Barrancas del Orinoco');
INSERT INTO temp (codigo, ciudad) VALUES ('N-4' , 'Caicara de Maturín');
INSERT INTO temp (codigo, ciudad) VALUES ('N-5' , 'Caripe');
INSERT INTO temp (codigo, ciudad) VALUES ('N-6' , 'Caripito');
INSERT INTO temp (codigo, ciudad) VALUES ('N-7' , 'Maturín');
INSERT INTO temp (codigo, ciudad) VALUES ('N-8' , 'Punta de Mata');
INSERT INTO temp (codigo, ciudad) VALUES ('N-9' , 'Quiriquire');
INSERT INTO temp (codigo, ciudad) VALUES ('N-10', 'San Antonio de Maturín');
INSERT INTO temp (codigo, ciudad) VALUES ('N-11', 'Santa Bárbara');
INSERT INTO temp (codigo, ciudad) VALUES ('N-12', 'Temblador');
INSERT INTO temp (codigo, ciudad) VALUES ('N-13', 'Uracoa');
INSERT INTO temp (codigo, ciudad) VALUES ('O-1' , 'Boca de Río');
INSERT INTO temp (codigo, ciudad) VALUES ('O-2' , 'El Valle del Espíritu Santo');
INSERT INTO temp (codigo, ciudad) VALUES ('O-3' , 'Juan Griego');
INSERT INTO temp (codigo, ciudad) VALUES ('O-4' , 'La Asunción');
INSERT INTO temp (codigo, ciudad) VALUES ('O-5' , 'La Plaza de Paraguachí');
INSERT INTO temp (codigo, ciudad) VALUES ('O-6' , 'Pampatar');
INSERT INTO temp (codigo, ciudad) VALUES ('O-7' , 'Porlamar');
INSERT INTO temp (codigo, ciudad) VALUES ('O-8' , 'Punta de Piedras');
INSERT INTO temp (codigo, ciudad) VALUES ('O-9' , 'San Juan Bautista');
INSERT INTO temp (codigo, ciudad) VALUES ('O-10', 'San Pedro de Coche');
INSERT INTO temp (codigo, ciudad) VALUES ('O-11', 'Santa Ana');
INSERT INTO temp (codigo, ciudad) VALUES ('P-1' , 'Acarigua');
INSERT INTO temp (codigo, ciudad) VALUES ('P-2' , 'Agua Blanca');
INSERT INTO temp (codigo, ciudad) VALUES ('P-3' , 'Araure');
INSERT INTO temp (codigo, ciudad) VALUES ('P-4' , 'Biscucuy');
INSERT INTO temp (codigo, ciudad) VALUES ('P-5' , 'Boconoíto');
INSERT INTO temp (codigo, ciudad) VALUES ('P-6' , 'El Playón');
INSERT INTO temp (codigo, ciudad) VALUES ('P-7' , 'Guanare');
INSERT INTO temp (codigo, ciudad) VALUES ('P-8' , 'Guanarito');
INSERT INTO temp (codigo, ciudad) VALUES ('P-9' , 'Ospino');
INSERT INTO temp (codigo, ciudad) VALUES ('P-10', 'Papelón');
INSERT INTO temp (codigo, ciudad) VALUES ('P-11', 'Paraíso de Chabasquén');
INSERT INTO temp (codigo, ciudad) VALUES ('P-12', 'Píritu');
INSERT INTO temp (codigo, ciudad) VALUES ('P-13', 'San Rafael de Onoto');
INSERT INTO temp (codigo, ciudad) VALUES ('P-14', 'Villa Bruzual');
INSERT INTO temp (codigo, ciudad) VALUES ('R-1' , 'Araya');
INSERT INTO temp (codigo, ciudad) VALUES ('R-2' , 'Cariaco');
INSERT INTO temp (codigo, ciudad) VALUES ('R-3' , 'Carúpano');
INSERT INTO temp (codigo, ciudad) VALUES ('R-4' , 'Casanay');
INSERT INTO temp (codigo, ciudad) VALUES ('R-5' , 'Cumaná');
INSERT INTO temp (codigo, ciudad) VALUES ('R-6' , 'Cumanacoa');
INSERT INTO temp (codigo, ciudad) VALUES ('R-7' , 'El Pilar');
INSERT INTO temp (codigo, ciudad) VALUES ('R-8' , 'Güiria');
INSERT INTO temp (codigo, ciudad) VALUES ('R-9' , 'Irapa');
INSERT INTO temp (codigo, ciudad) VALUES ('R-10', 'Marigüitar');
INSERT INTO temp (codigo, ciudad) VALUES ('R-11', 'Río Caribe');
INSERT INTO temp (codigo, ciudad) VALUES ('R-12', 'San Antonio del Golfo');
INSERT INTO temp (codigo, ciudad) VALUES ('R-13', 'San José de Aerocuar');
INSERT INTO temp (codigo, ciudad) VALUES ('R-14', 'Tunapuy');
INSERT INTO temp (codigo, ciudad) VALUES ('R-15', 'Yaguaraparo');
INSERT INTO temp (codigo, ciudad) VALUES ('S-1' , 'Abejales');
INSERT INTO temp (codigo, ciudad) VALUES ('S-2' , 'Capacho Nuevo');
INSERT INTO temp (codigo, ciudad) VALUES ('S-3' , 'Capacho Viejo');
INSERT INTO temp (codigo, ciudad) VALUES ('S-4' , 'Colón');
INSERT INTO temp (codigo, ciudad) VALUES ('S-5' , 'Coloncito');
INSERT INTO temp (codigo, ciudad) VALUES ('S-6' , 'Cordero');
INSERT INTO temp (codigo, ciudad) VALUES ('S-7' , 'Delicias');
INSERT INTO temp (codigo, ciudad) VALUES ('S-8' , 'El Cobre');
INSERT INTO temp (codigo, ciudad) VALUES ('S-9' , 'El Piñal');
INSERT INTO temp (codigo, ciudad) VALUES ('S-10', 'La Fría');
INSERT INTO temp (codigo, ciudad) VALUES ('S-11', 'La Grita');
INSERT INTO temp (codigo, ciudad) VALUES ('S-12', 'La Tendida');
INSERT INTO temp (codigo, ciudad) VALUES ('S-13', 'Las Mesas');
INSERT INTO temp (codigo, ciudad) VALUES ('S-14', 'Lobatera');
INSERT INTO temp (codigo, ciudad) VALUES ('S-15', 'Michelena');
INSERT INTO temp (codigo, ciudad) VALUES ('S-16', 'Palmira');
INSERT INTO temp (codigo, ciudad) VALUES ('S-17', 'Pregonero');
INSERT INTO temp (codigo, ciudad) VALUES ('S-18', 'Queniquea');
INSERT INTO temp (codigo, ciudad) VALUES ('S-19', 'Rubio');
INSERT INTO temp (codigo, ciudad) VALUES ('S-20', 'San Cristóbal');
INSERT INTO temp (codigo, ciudad) VALUES ('S-21', 'San Antonio');
INSERT INTO temp (codigo, ciudad) VALUES ('S-22', 'San José de Bolívar');
INSERT INTO temp (codigo, ciudad) VALUES ('S-23', 'San Josecito');
INSERT INTO temp (codigo, ciudad) VALUES ('S-24', 'San Simón');
INSERT INTO temp (codigo, ciudad) VALUES ('S-25', 'Santa Ana');
INSERT INTO temp (codigo, ciudad) VALUES ('S-26', 'Seboruco');
INSERT INTO temp (codigo, ciudad) VALUES ('S-27', 'Táriba');
INSERT INTO temp (codigo, ciudad) VALUES ('S-28', 'Umuquena');
INSERT INTO temp (codigo, ciudad) VALUES ('S-29', 'Ureña');
INSERT INTO temp (codigo, ciudad) VALUES ('T-1' , 'Betijoque');
INSERT INTO temp (codigo, ciudad) VALUES ('T-2' , 'Boconó');
INSERT INTO temp (codigo, ciudad) VALUES ('T-3' , 'Campo Elías');
INSERT INTO temp (codigo, ciudad) VALUES ('T-4' , 'Carache');
INSERT INTO temp (codigo, ciudad) VALUES ('T-5' , 'Carvajal');
INSERT INTO temp (codigo, ciudad) VALUES ('T-6' , 'Chejendé');
INSERT INTO temp (codigo, ciudad) VALUES ('T-7' , 'El Dividive');
INSERT INTO temp (codigo, ciudad) VALUES ('T-8' , 'El Paradero');
INSERT INTO temp (codigo, ciudad) VALUES ('T-9' , 'Escuque');
INSERT INTO temp (codigo, ciudad) VALUES ('T-10', 'La Quebrada');
INSERT INTO temp (codigo, ciudad) VALUES ('T-11', 'Monte Carmelo');
INSERT INTO temp (codigo, ciudad) VALUES ('T-12', 'Motatán');
INSERT INTO temp (codigo, ciudad) VALUES ('T-13', 'Pampán');
INSERT INTO temp (codigo, ciudad) VALUES ('T-14', 'Pampanito');
INSERT INTO temp (codigo, ciudad) VALUES ('T-15', 'Sabana de Mendoza');
INSERT INTO temp (codigo, ciudad) VALUES ('T-16', 'Sabana Grande');
INSERT INTO temp (codigo, ciudad) VALUES ('T-17', 'Santa Apolonia');
INSERT INTO temp (codigo, ciudad) VALUES ('T-18', 'Santa Isabel');
INSERT INTO temp (codigo, ciudad) VALUES ('T-19', 'Trujillo');
INSERT INTO temp (codigo, ciudad) VALUES ('T-20', 'Valera');
INSERT INTO temp (codigo, ciudad) VALUES ('W-1' , 'Caraballeda');
INSERT INTO temp (codigo, ciudad) VALUES ('W-2' , 'Carayaca');
INSERT INTO temp (codigo, ciudad) VALUES ('W-3' , 'Carlos Soublette');
INSERT INTO temp (codigo, ciudad) VALUES ('W-4' , 'Caruao');
INSERT INTO temp (codigo, ciudad) VALUES ('W-5' , 'Catia La Mar');
INSERT INTO temp (codigo, ciudad) VALUES ('W-6' , 'El Junko');
INSERT INTO temp (codigo, ciudad) VALUES ('W-7' , 'La Guaira');
INSERT INTO temp (codigo, ciudad) VALUES ('W-8' , 'Macuto');
INSERT INTO temp (codigo, ciudad) VALUES ('W-9' , 'Maiquetía');
INSERT INTO temp (codigo, ciudad) VALUES ('W-10', 'Naiguatá');
INSERT INTO temp (codigo, ciudad) VALUES ('W-11', 'Urimare');
INSERT INTO temp (codigo, ciudad) VALUES ('U-1' , 'Aroa');
INSERT INTO temp (codigo, ciudad) VALUES ('U-2' , 'Boraure');
INSERT INTO temp (codigo, ciudad) VALUES ('U-3' , 'Chivacoa');
INSERT INTO temp (codigo, ciudad) VALUES ('U-4' , 'Cocorote');
INSERT INTO temp (codigo, ciudad) VALUES ('U-5' , 'Farriar');
INSERT INTO temp (codigo, ciudad) VALUES ('U-6' , 'Guama');
INSERT INTO temp (codigo, ciudad) VALUES ('U-7' , 'Independencia');
INSERT INTO temp (codigo, ciudad) VALUES ('U-8' , 'Nirgua');
INSERT INTO temp (codigo, ciudad) VALUES ('U-9' , 'Sabana de Parra');
INSERT INTO temp (codigo, ciudad) VALUES ('U-10', 'San Felipe');
INSERT INTO temp (codigo, ciudad) VALUES ('U-11', 'San Pablo');
INSERT INTO temp (codigo, ciudad) VALUES ('U-12', 'Urachiche');
INSERT INTO temp (codigo, ciudad) VALUES ('U-13', 'Yaritagua');
INSERT INTO temp (codigo, ciudad) VALUES ('U-14', 'Yumare');
INSERT INTO temp (codigo, ciudad) VALUES ('V-1' , 'Bachaquero');
INSERT INTO temp (codigo, ciudad) VALUES ('V-2' , 'Bobures');
INSERT INTO temp (codigo, ciudad) VALUES ('V-3' , 'Cabimas');
INSERT INTO temp (codigo, ciudad) VALUES ('V-4' , 'Casigua-El Cubo');
INSERT INTO temp (codigo, ciudad) VALUES ('V-5' , 'Ciudad Ojeda');
INSERT INTO temp (codigo, ciudad) VALUES ('V-6' , 'Concepción');
INSERT INTO temp (codigo, ciudad) VALUES ('V-7' , 'El Toro');
INSERT INTO temp (codigo, ciudad) VALUES ('V-8' , 'Encontrados');
INSERT INTO temp (codigo, ciudad) VALUES ('V-9' , 'La Concepción');
INSERT INTO temp (codigo, ciudad) VALUES ('V-10', 'Los Puertos de Altagracia');
INSERT INTO temp (codigo, ciudad) VALUES ('V-11', 'Machiques');
INSERT INTO temp (codigo, ciudad) VALUES ('V-12', 'Maracaibo');
INSERT INTO temp (codigo, ciudad) VALUES ('V-13', 'Pueblo Nuevo-El Chivo');
INSERT INTO temp (codigo, ciudad) VALUES ('V-14', 'San Carlos del Zulia');
INSERT INTO temp (codigo, ciudad) VALUES ('V-15', 'San Francisco');
INSERT INTO temp (codigo, ciudad) VALUES ('V-16', 'San Rafael de El Moján');
INSERT INTO temp (codigo, ciudad) VALUES ('V-17', 'San Timoteo');
INSERT INTO temp (codigo, ciudad) VALUES ('V-18', 'Santa Rita');
INSERT INTO temp (codigo, ciudad) VALUES ('V-19', 'Sinamaica');
INSERT INTO temp (codigo, ciudad) VALUES ('V-20', 'Tía Juana');
INSERT INTO temp (codigo, ciudad) VALUES ('V-21', 'Villa del Rosario');

INSERT INTO Tb_Ciudad_T (ciudad, id_ciudad, id_idioma)
SELECT
	B.ciudad, A.id_ciudad, 1
FROM
	Tb_Ciudad A
	LEFT OUTER JOIN
	temp B
	ON A.codigo = B.codigo;


INSERT INTO Tb_Perfil (codigo) VALUES ('ADMIN');
INSERT INTO Tb_Perfil (codigo) VALUES ('SDIST');
INSERT INTO Tb_Perfil (codigo) VALUES ('DIST');
INSERT INTO Tb_Perfil (codigo) VALUES ('COMP');
INSERT INTO Tb_Perfil (codigo) VALUES ('EMP');

-- VERSION ESPAÑOL
INSERT INTO Tb_Perfil_T (perfil, id_perfil, id_idioma) VALUES ('Administrador'            , 1, 1);
INSERT INTO Tb_Perfil_T (perfil, id_perfil, id_idioma) VALUES ('Admin. Super Distribuidor', 2, 1);
INSERT INTO Tb_Perfil_T (perfil, id_perfil, id_idioma) VALUES ('Admin. Distribuidor'      , 3, 1);
INSERT INTO Tb_Perfil_T (perfil, id_perfil, id_idioma) VALUES ('Admin. Empresa'           , 4, 1);
INSERT INTO Tb_Perfil_T (perfil, id_perfil, id_idioma) VALUES ('Empleado Sucursal'        , 5, 1);
-- ENGLISH VERSION
INSERT INTO Tb_Perfil_T (perfil, id_perfil, id_idioma) VALUES ('Administrator'            , 1, 2);
INSERT INTO Tb_Perfil_T (perfil, id_perfil, id_idioma) VALUES ('Super Distributor Admin.' , 2, 2);
INSERT INTO Tb_Perfil_T (perfil, id_perfil, id_idioma) VALUES ('Distributor Admin.'       , 3, 2);
INSERT INTO Tb_Perfil_T (perfil, id_perfil, id_idioma) VALUES ('Company Admin.'           , 4, 2);
INSERT INTO Tb_Perfil_T (perfil, id_perfil, id_idioma) VALUES ('Branch Clerk'             , 5, 2);

INSERT INTO Tb_Sexo (codigo) VALUES ('U');
INSERT INTO Tb_Sexo (codigo) VALUES ('F');
INSERT INTO Tb_Sexo (codigo) VALUES ('M');

-- VERSION ESPAÑOL
INSERT INTO Tb_Sexo_T (sexo, id_sexo, id_idioma) VALUES ('No especificado', 1, 1);
INSERT INTO Tb_Sexo_T (sexo, id_sexo, id_idioma) VALUES ('Femenino'       , 2, 1);
INSERT INTO Tb_Sexo_T (sexo, id_sexo, id_idioma) VALUES ('Masculino'      , 3, 1);
-- ENGLISH VERSION
INSERT INTO Tb_Sexo_T (sexo, id_sexo, id_idioma) VALUES ('Unspecified'    , 1, 2);
INSERT INTO Tb_Sexo_T (sexo, id_sexo, id_idioma) VALUES ('Female'         , 2, 2);
INSERT INTO Tb_Sexo_T (sexo, id_sexo, id_idioma) VALUES ('Male'           , 3, 2);

INSERT INTO Tb_TipoImagen (codigo) VALUES ('BG');
INSERT INTO Tb_TipoImagen (codigo) VALUES ('KB');
INSERT INTO Tb_TipoImagen (codigo) VALUES ('SYS');

-- VERSION ESPAÑOL
INSERT INTO Tb_TipoImagen_T (tipoImagen, descripcion, id_tipoImagen, id_idioma) VALUES ('Fondo'     , 'Imagen de fondo'  , 1, 1);
INSERT INTO Tb_TipoImagen_T (tipoImagen, descripcion, id_tipoImagen, id_idioma) VALUES ('Teclado'   , 'Imagen de teclado', 2, 1);
INSERT INTO Tb_TipoImagen_T (tipoImagen, descripcion, id_tipoImagen, id_idioma) VALUES ('Sistema'   , 'Imagen de sistema', 3, 1);
-- ENGLISH VERSION
INSERT INTO Tb_TipoImagen_T (tipoImagen, descripcion, id_tipoImagen, id_idioma) VALUES ('Background', 'Background image' , 1, 2);
INSERT INTO Tb_TipoImagen_T (tipoImagen, descripcion, id_tipoImagen, id_idioma) VALUES ('Keyboard'  , 'Keyboard image'   , 2, 2);
INSERT  INTO Tb_TipoImagen_T (tipoImagen, descripcion, id_tipoImagen, id_idioma) VALUES ('System'   , 'System image'     , 3, 2);

INSERT INTO Tb_TipoNodo (codigo) VALUES ('EVNT');
INSERT INTO Tb_TipoNodo (codigo) VALUES ('CHK');
INSERT INTO Tb_TipoNodo (codigo) VALUES ('QST');
INSERT INTO Tb_TipoNodo (codigo) VALUES ('MSG');
INSERT INTO Tb_TipoNodo (codigo) VALUES ('FORM');
INSERT INTO Tb_TipoNodo (codigo) VALUES ('SCRN');
INSERT INTO Tb_TipoNodo (codigo) VALUES ('INV');

UPDATE Tb_TipoNodo
SET activo = '0'
WHERE id_tipoNodo = 1;

-- VERSION ESPAÑOL
INSERT INTO Tb_TipoNodo_T (tipoNodo, descripcion, id_tipoNodo, id_idioma) VALUES ('Evento'    , 'Nodo de evento'    , 1, 1);
INSERT INTO Tb_TipoNodo_T (tipoNodo, descripcion, id_tipoNodo, id_idioma) VALUES ('Chequeo'   , 'Nodo de chequeo'   , 2, 1);
INSERT INTO Tb_TipoNodo_T (tipoNodo, descripcion, id_tipoNodo, id_idioma) VALUES ('Pregunta'  , 'Nodo de pregunta'  , 3, 1);
INSERT INTO Tb_TipoNodo_T (tipoNodo, descripcion, id_tipoNodo, id_idioma) VALUES ('Mensaje'   , 'Nodo de mensaje'   , 4, 1);
INSERT INTO Tb_TipoNodo_T (tipoNodo, descripcion, id_tipoNodo, id_idioma) VALUES ('Formulario', 'Nodo de formulario', 5, 1);
INSERT INTO Tb_TipoNodo_T (tipoNodo, descripcion, id_tipoNodo, id_idioma) VALUES ('Pantalla'  , 'Nodo de pantalla'  , 6, 1);
INSERT INTO Tb_TipoNodo_T (tipoNodo, descripcion, id_tipoNodo, id_idioma) VALUES ('Invitación', 'Nodo de invitación', 7, 1);
-- ENGLISH VERSION
INSERT INTO Tb_TipoNodo_T (tipoNodo, descripcion, id_tipoNodo, id_idioma) VALUES ('Event'     , 'Event node'        , 1, 2);
INSERT INTO Tb_TipoNodo_T (tipoNodo, descripcion, id_tipoNodo, id_idioma) VALUES ('Check In'  , 'Check in node'     , 2, 2);
INSERT INTO Tb_TipoNodo_T (tipoNodo, descripcion, id_tipoNodo, id_idioma) VALUES ('Question'  , 'Question node'     , 3, 2);
INSERT INTO Tb_TipoNodo_T (tipoNodo, descripcion, id_tipoNodo, id_idioma) VALUES ('Message'   , 'Message node'      , 4, 2);
INSERT INTO Tb_TipoNodo_T (tipoNodo, descripcion, id_tipoNodo, id_idioma) VALUES ('Form'      , 'Form node'         , 5, 2);
INSERT INTO Tb_TipoNodo_T (tipoNodo, descripcion, id_tipoNodo, id_idioma) VALUES ('Screen'    , 'Screen node'       , 6, 2);
INSERT INTO Tb_TipoNodo_T (tipoNodo, descripcion, id_tipoNodo, id_idioma) VALUES ('Invitation', 'Invitation node'   , 7, 1);

UPDATE Tb_TipoNodo_T
SET activo = '0'
WHERE id_tipoNodo = 1;

INSERT INTO Tb_TipoPregunta (codigo) VALUES ('SS');
INSERT INTO Tb_TipoPregunta (codigo) VALUES ('MS');
INSERT INTO Tb_TipoPregunta (codigo) VALUES ('TXT');
INSERT INTO Tb_TipoPregunta (codigo) VALUES ('RAT');

-- VERSION ESPAÑOL
INSERT INTO Tb_TipoPregunta_T (tipoPregunta, id_tipoPregunta, id_idioma) VALUES ('Selección simple'  , 1, 1);
INSERT INTO Tb_TipoPregunta_T (tipoPregunta, id_tipoPregunta, id_idioma) VALUES ('Selección múltiple', 2, 1);
INSERT INTO Tb_TipoPregunta_T (tipoPregunta, id_tipoPregunta, id_idioma) VALUES ('Libre'             , 3, 1);
INSERT INTO Tb_TipoPregunta_T (tipoPregunta, id_tipoPregunta, id_idioma) VALUES ('Puntuación'        , 4, 1);
-- ENGLISH VERSION
INSERT INTO Tb_TipoPregunta_T (tipoPregunta, id_tipoPregunta, id_idioma) VALUES ('Simple selection'  , 1, 2);
INSERT INTO Tb_TipoPregunta_T (tipoPregunta, id_tipoPregunta, id_idioma) VALUES ('Multiple selection', 2, 2);
INSERT INTO Tb_TipoPregunta_T (tipoPregunta, id_tipoPregunta, id_idioma) VALUES ('Free'              , 3, 2);
INSERT INTO Tb_TipoPregunta_T (tipoPregunta, id_tipoPregunta, id_idioma) VALUES ('Rating'            , 4, 2);

INSERT INTO Tb_TipoMensaje (codigo) VALUES ('SMS');
INSERT INTO Tb_TipoMensaje (codigo) VALUES ('MAIL');
INSERT INTO Tb_TipoMensaje (codigo) VALUES ('TW');
INSERT INTO Tb_TipoMensaje (codigo) VALUES ('FB');
INSERT INTO Tb_TipoMensaje (codigo) VALUES ('TG');

-- VERSION ESPAÑOL
INSERT INTO Tb_TipoMensaje_T (tipoMensaje, id_tipoMensaje, id_idioma) VALUES ('Mensaje de texto'  , 1, 1);
INSERT INTO Tb_TipoMensaje_T (tipoMensaje, id_tipoMensaje, id_idioma) VALUES ('Correo electrónico', 2, 1);
INSERT INTO Tb_TipoMensaje_T (tipoMensaje, id_tipoMensaje, id_idioma) VALUES ('Twitter'           , 3, 1);
INSERT INTO Tb_TipoMensaje_T (tipoMensaje, id_tipoMensaje, id_idioma) VALUES ('Facebook'          , 4, 1);
INSERT INTO Tb_TipoMensaje_T (tipoMensaje, id_tipoMensaje, id_idioma) VALUES ('Telegram'          , 5, 1);
-- ENGLISH VERSION
INSERT INTO Tb_TipoMensaje_T (tipoMensaje, id_tipoMensaje, id_idioma) VALUES ('Text message'      , 1, 2);
INSERT INTO Tb_TipoMensaje_T (tipoMensaje, id_tipoMensaje, id_idioma) VALUES ('E-mail'            , 2, 2);
INSERT INTO Tb_TipoMensaje_T (tipoMensaje, id_tipoMensaje, id_idioma) VALUES ('Twitter'           , 3, 2);
INSERT INTO Tb_TipoMensaje_T (tipoMensaje, id_tipoMensaje, id_idioma) VALUES ('Facebook'          , 4, 2);
INSERT INTO Tb_TipoMensaje_T (tipoMensaje, id_tipoMensaje, id_idioma) VALUES ('Telegram'          , 5, 1);

INSERT INTO Tb_TipoUsuarioD (codigo) VALUES ('ADMIN');
INSERT INTO Tb_TipoUsuarioD (codigo) VALUES ('SDIST');
INSERT INTO Tb_TipoUsuarioD (codigo) VALUES ('DIST');
INSERT INTO Tb_TipoUsuarioD (codigo) VALUES ('COMP');
INSERT INTO Tb_TipoUsuarioD (codigo) VALUES ('EMP');

-- VERSION ESPAÑOL
INSERT INTO Tb_TipoUsuarioD_T (tipoUsuarioD, id_tipoUsuarioD, id_idioma) VALUES ('Administrador'            , 1, 1);
INSERT INTO Tb_TipoUsuarioD_T (tipoUsuarioD, id_tipoUsuarioD, id_idioma) VALUES ('Admin. Super Distribuidor', 2, 1);
INSERT INTO Tb_TipoUsuarioD_T (tipoUsuarioD, id_tipoUsuarioD, id_idioma) VALUES ('Admin. Distribuidor'      , 3, 1);
INSERT INTO Tb_TipoUsuarioD_T (tipoUsuarioD, id_tipoUsuarioD, id_idioma) VALUES ('Admin. Empresa'           , 4, 1);
INSERT INTO Tb_TipoUsuarioD_T (tipoUsuarioD, id_tipoUsuarioD, id_idioma) VALUES ('Empleado Sucursal'        , 5, 1);
-- ENGLISH VERSION
INSERT INTO Tb_TipoUsuarioD_T (tipoUsuarioD, id_tipoUsuarioD, id_idioma) VALUES ('Administrator'            , 1, 2);
INSERT INTO Tb_TipoUsuarioD_T (tipoUsuarioD, id_tipoUsuarioD, id_idioma) VALUES ('Super Distributor Admin.' , 2, 2);
INSERT INTO Tb_TipoUsuarioD_T (tipoUsuarioD, id_tipoUsuarioD, id_idioma) VALUES ('Distributor Admin.'       , 3, 2);
INSERT INTO Tb_TipoUsuarioD_T (tipoUsuarioD, id_tipoUsuarioD, id_idioma) VALUES ('Company Admin.'           , 4, 2);
INSERT INTO Tb_TipoUsuarioD_T (tipoUsuarioD, id_tipoUsuarioD, id_idioma) VALUES ('Branch Clerk'             , 5, 2);

INSERT INTO Tb_TipoConsumidor (codigo) VALUES ('NORM');
INSERT INTO Tb_TipoConsumidor (codigo) VALUES ('VIP');
INSERT INTO Tb_TipoConsumidor (codigo) VALUES ('DEL');
INSERT INTO Tb_TipoConsumidor (codigo) VALUES ('BL');

-- VERSION ESPAÑOL
INSERT INTO Tb_TipoConsumidor_T (tipoConsumidor, id_tipoConsumidor, id_idioma) VALUES ('Normal'     , 1, 1);
INSERT INTO Tb_TipoConsumidor_T (tipoConsumidor, id_tipoConsumidor, id_idioma) VALUES ('V.I.P.'     , 2, 1);
INSERT INTO Tb_TipoConsumidor_T (tipoConsumidor, id_tipoConsumidor, id_idioma) VALUES ('Eliminar'   , 3, 1);
INSERT INTO Tb_TipoConsumidor_T (tipoConsumidor, id_tipoConsumidor, id_idioma) VALUES ('Lista negra', 4, 1);
-- ENGLISH VERSION

INSERT INTO Tb_TipoConsumidor_T (tipoConsumidor, id_tipoConsumidor, id_idioma) VALUES ('Normal'    , 1, 2);
INSERT INTO Tb_TipoConsumidor_T (tipoConsumidor, id_tipoConsumidor, id_idioma) VALUES ('V.I.P.'    , 2, 2);
INSERT INTO Tb_TipoConsumidor_T (tipoConsumidor, id_tipoConsumidor, id_idioma) VALUES ('Delete'    , 3, 2);
INSERT INTO Tb_TipoConsumidor_T (tipoConsumidor, id_tipoConsumidor, id_idioma) VALUES ('Black List', 4, 2);

INSERT INTO Tb_TipoDispositivo (codigo) VALUES ('TAB');

-- VERSION ESPAÑOL
INSERT INTO Tb_TipoDispositivo_T (tipoDispositivo, id_tipoDispositivo, id_idioma) VALUES ('Tableta', 1, 1);
-- ENGLISH VERSION
INSERT INTO Tb_TipoDispositivo_T (tipoDispositivo, id_tipoDispositivo, id_idioma) VALUES ('Tablet' , 1, 2);

INSERT INTO Tb_TipoTiempoEspera (codigo) VALUES ('SEG');
INSERT INTO Tb_TipoTiempoEspera (codigo) VALUES ('MIN');
INSERT INTO Tb_TipoTiempoEspera (codigo) VALUES ('HOR');
INSERT INTO Tb_TipoTiempoEspera (codigo) VALUES ('DAY');

-- VERSION ESPAÑOL
INSERT INTO Tb_TipoTiempoEspera_T (tipoTiempoEspera, id_tipoTiempoEspera, id_idioma) VALUES ('Segundos', 1, 1);
INSERT INTO Tb_TipoTiempoEspera_T (tipoTiempoEspera, id_tipoTiempoEspera, id_idioma) VALUES ('Minutos' , 2, 1);
INSERT INTO Tb_TipoTiempoEspera_T (tipoTiempoEspera, id_tipoTiempoEspera, id_idioma) VALUES ('Horas'   , 3, 1);
INSERT INTO Tb_TipoTiempoEspera_T (tipoTiempoEspera, id_tipoTiempoEspera, id_idioma) VALUES ('Días'    , 4, 1);
-- ENGLISH VERSION
INSERT INTO Tb_TipoTiempoEspera_T (tipoTiempoEspera, id_tipoTiempoEspera, id_idioma) VALUES ('Seconds' , 1, 2);
INSERT INTO Tb_TipoTiempoEspera_T (tipoTiempoEspera, id_tipoTiempoEspera, id_idioma) VALUES ('Minutes' , 2, 2);
INSERT INTO Tb_TipoTiempoEspera_T (tipoTiempoEspera, id_tipoTiempoEspera, id_idioma) VALUES ('Hours'   , 3, 2);
INSERT INTO Tb_TipoTiempoEspera_T (tipoTiempoEspera, id_tipoTiempoEspera, id_idioma) VALUES ('Days'    , 4, 2);

INSERT INTO Tb_TipoCondicion (codigo) VALUES ('==');
INSERT INTO Tb_TipoCondicion (codigo) VALUES ('>=');
INSERT INTO Tb_TipoCondicion (codigo) VALUES ('>');
INSERT INTO Tb_TipoCondicion (codigo) VALUES ('<=');
INSERT INTO Tb_TipoCondicion (codigo) VALUES ('<');
INSERT INTO Tb_TipoCondicion (codigo) VALUES ('DFLT');

-- VERSION ESPAÑOL
INSERT INTO Tb_TipoCondicion_T (tipoCondicion, id_tipoCondicion, id_idioma) VALUES ('Igual a'              , 1, 1);
INSERT INTO Tb_TipoCondicion_T (tipoCondicion, id_tipoCondicion, id_idioma) VALUES ('Mayor o igual que'    , 2, 1);
INSERT INTO Tb_TipoCondicion_T (tipoCondicion, id_tipoCondicion, id_idioma) VALUES ('Mayor que'            , 3, 1);
INSERT INTO Tb_TipoCondicion_T (tipoCondicion, id_tipoCondicion, id_idioma) VALUES ('Menor o igual que'    , 4, 1);
INSERT INTO Tb_TipoCondicion_T (tipoCondicion, id_tipoCondicion, id_idioma) VALUES ('Menor que'            , 5, 1);
INSERT INTO Tb_TipoCondicion_T (tipoCondicion, id_tipoCondicion, id_idioma) VALUES ('Por defecto'          , 6, 1);
-- ENGLISH VERSION
INSERT INTO Tb_TipoCondicion_T (tipoCondicion, id_tipoCondicion, id_idioma) VALUES ('Equal to'             , 1, 2);
INSERT INTO Tb_TipoCondicion_T (tipoCondicion, id_tipoCondicion, id_idioma) VALUES ('Greater or equal than', 2, 2);
INSERT INTO Tb_TipoCondicion_T (tipoCondicion, id_tipoCondicion, id_idioma) VALUES ('Greater than'         , 3, 2);
INSERT INTO Tb_TipoCondicion_T (tipoCondicion, id_tipoCondicion, id_idioma) VALUES ('Less or equal than'   , 4, 2);
INSERT INTO Tb_TipoCondicion_T (tipoCondicion, id_tipoCondicion, id_idioma) VALUES ('Less than'            , 5, 2);
INSERT INTO Tb_TipoCondicion_T (tipoCondicion, id_tipoCondicion, id_idioma) VALUES ('Default'              , 6, 2);

INSERT INTO Tb_TipoVariable (codigo) VALUES ('GLBL');
INSERT INTO Tb_TipoVariable (codigo) VALUES ('SUC');
INSERT INTO Tb_TipoVariable (codigo) VALUES ('EVNT');
INSERT INTO Tb_TipoVariable (codigo) VALUES ('NODE');

-- VERSION ESPAÑOL
INSERT INTO Tb_TipoVariable_T (tipoVariable, id_tipoVariable, id_idioma) VALUES ('Contador de visitas global'      , 1, 1);
INSERT INTO Tb_TipoVariable_T (tipoVariable, id_tipoVariable, id_idioma) VALUES ('Contador de visitas por sucursal', 2, 1);
INSERT INTO Tb_TipoVariable_T (tipoVariable, id_tipoVariable, id_idioma) VALUES ('Contador de visitas por evento'  , 3, 1);
INSERT INTO Tb_TipoVariable_T (tipoVariable, id_tipoVariable, id_idioma) VALUES ('Contador de visitas por nodo'    , 4, 1);
-- ENGLISH VERSION
INSERT INTO Tb_TipoVariable_T (tipoVariable, id_tipoVariable, id_idioma) VALUES ('Overall visit counter'           , 1, 2);
INSERT INTO Tb_TipoVariable_T (tipoVariable, id_tipoVariable, id_idioma) VALUES ('Visit counter for branch office' , 2, 2);
INSERT INTO Tb_TipoVariable_T (tipoVariable, id_tipoVariable, id_idioma) VALUES ('Visit counter for event'         , 3, 2);
INSERT INTO Tb_TipoVariable_T (tipoVariable, id_tipoVariable, id_idioma) VALUES ('Visit counter for node'          , 4, 2);

-- NIVEL 0: EVENTO
INSERT INTO Tb_ConfiguracionFlujo (nivel, id_tipoNodoActual, id_tipoNodoPosible) VALUES (0, 1, 2);
INSERT INTO Tb_ConfiguracionFlujo (nivel, id_tipoNodoActual, id_tipoNodoPosible) VALUES (0, 1, 6);
-- NIVEL 1: CHECK-IN
INSERT INTO Tb_ConfiguracionFlujo (nivel, id_tipoNodoActual, id_tipoNodoPosible) VALUES (1, 2, 3);
INSERT INTO Tb_ConfiguracionFlujo (nivel, id_tipoNodoActual, id_tipoNodoPosible) VALUES (1, 2, 4);
INSERT INTO Tb_ConfiguracionFlujo (nivel, id_tipoNodoActual, id_tipoNodoPosible) VALUES (1, 2, 5);
INSERT INTO Tb_ConfiguracionFlujo (nivel, id_tipoNodoActual, id_tipoNodoPosible) VALUES (1, 2, 6);
-- NIVEL 2: PREGUNTA
INSERT INTO Tb_ConfiguracionFlujo (nivel, id_tipoNodoActual, id_tipoNodoPosible) VALUES (2, 3, 4);
INSERT INTO Tb_ConfiguracionFlujo (nivel, id_tipoNodoActual, id_tipoNodoPosible) VALUES (2, 3, 5);
INSERT INTO Tb_ConfiguracionFlujo (nivel, id_tipoNodoActual, id_tipoNodoPosible) VALUES (2, 3, 6);
-- NIVRL 2: MENSAJE
INSERT INTO Tb_ConfiguracionFlujo (nivel, id_tipoNodoActual, id_tipoNodoPosible) VALUES (2, 4, 3);
INSERT INTO Tb_ConfiguracionFlujo (nivel, id_tipoNodoActual, id_tipoNodoPosible) VALUES (2, 4, 4);
INSERT INTO Tb_ConfiguracionFlujo (nivel, id_tipoNodoActual, id_tipoNodoPosible) VALUES (2, 4, 5);
INSERT INTO Tb_ConfiguracionFlujo (nivel, id_tipoNodoActual, id_tipoNodoPosible) VALUES (2, 4, 6);
-- NIVEL 2: MENSAJEPANTALLA
INSERT INTO Tb_ConfiguracionFlujo (nivel, id_tipoNodoActual, id_tipoNodoPosible) VALUES (2, 6, 3);
INSERT INTO Tb_ConfiguracionFlujo (nivel, id_tipoNodoActual, id_tipoNodoPosible) VALUES (2, 6, 4);
INSERT INTO Tb_ConfiguracionFlujo (nivel, id_tipoNodoActual, id_tipoNodoPosible) VALUES (2, 6, 5);
INSERT INTO Tb_ConfiguracionFlujo (nivel, id_tipoNodoActual, id_tipoNodoPosible) VALUES (2, 6, 6);
-- NIVEL 2: FORMULARIO
INSERT INTO Tb_ConfiguracionFlujo (nivel, id_tipoNodoActual, id_tipoNodoPosible) VALUES (2, 5, 3);
INSERT INTO Tb_ConfiguracionFlujo (nivel, id_tipoNodoActual, id_tipoNodoPosible) VALUES (2, 5, 4);
INSERT INTO Tb_ConfiguracionFlujo (nivel, id_tipoNodoActual, id_tipoNodoPosible) VALUES (2, 5, 6);
-- NIVEL 3: PREGUNTA
INSERT INTO Tb_ConfiguracionFlujo (nivel, id_tipoNodoActual, id_tipoNodoPosible) VALUES (3, 3, 4);
INSERT INTO Tb_ConfiguracionFlujo (nivel, id_tipoNodoActual, id_tipoNodoPosible) VALUES (3, 3, 5);
INSERT INTO Tb_ConfiguracionFlujo (nivel, id_tipoNodoActual, id_tipoNodoPosible) VALUES (3, 3, 6);
-- NIVEL 3: MENSAJE
INSERT INTO Tb_ConfiguracionFlujo (nivel, id_tipoNodoActual, id_tipoNodoPosible) VALUES (3, 4, 3);
INSERT INTO Tb_ConfiguracionFlujo (nivel, id_tipoNodoActual, id_tipoNodoPosible) VALUES (3, 4, 4);
INSERT INTO Tb_ConfiguracionFlujo (nivel, id_tipoNodoActual, id_tipoNodoPosible) VALUES (3, 4, 5);
-- NIVEL 3: FORMULARIO
INSERT INTO Tb_ConfiguracionFlujo (nivel, id_tipoNodoActual, id_tipoNodoPosible) VALUES (3, 5, 3);
INSERT INTO Tb_ConfiguracionFlujo (nivel, id_tipoNodoActual, id_tipoNodoPosible) VALUES (3, 5, 5);
INSERT INTO Tb_ConfiguracionFlujo (nivel, id_tipoNodoActual, id_tipoNodoPosible) VALUES (3, 5, 6);
-- NIVEL 3: MENSAJEPANTALLA
INSERT INTO Tb_ConfiguracionFlujo (nivel, id_tipoNodoActual, id_tipoNodoPosible) VALUES (3, 6, 3);
INSERT INTO Tb_ConfiguracionFlujo (nivel, id_tipoNodoActual, id_tipoNodoPosible) VALUES (3, 6, 4);
INSERT INTO Tb_ConfiguracionFlujo (nivel, id_tipoNodoActual, id_tipoNodoPosible) VALUES (3, 6, 5);
-- NIVEL 4: PREGUNTA
INSERT INTO Tb_ConfiguracionFlujo (nivel, id_tipoNodoActual, id_tipoNodoPosible) VALUES (4, 3, 4);
INSERT INTO Tb_ConfiguracionFlujo (nivel, id_tipoNodoActual, id_tipoNodoPosible) VALUES (4, 3, 5);
INSERT INTO Tb_ConfiguracionFlujo (nivel, id_tipoNodoActual, id_tipoNodoPosible) VALUES (4, 3, 6);
-- NIVEL 4: MENSAJE
INSERT INTO Tb_ConfiguracionFlujo (nivel, id_tipoNodoActual, id_tipoNodoPosible) VALUES (4, 4, 3);
INSERT INTO Tb_ConfiguracionFlujo (nivel, id_tipoNodoActual, id_tipoNodoPosible) VALUES (4, 4, 4);
INSERT INTO Tb_ConfiguracionFlujo (nivel, id_tipoNodoActual, id_tipoNodoPosible) VALUES (4, 4, 5);
INSERT INTO Tb_ConfiguracionFlujo (nivel, id_tipoNodoActual, id_tipoNodoPosible) VALUES (4, 4, 6);
-- NIVEL 4: FORMULARIO
INSERT INTO Tb_ConfiguracionFlujo (nivel, id_tipoNodoActual, id_tipoNodoPosible) VALUES (4, 5, 3);
INSERT INTO Tb_ConfiguracionFlujo (nivel, id_tipoNodoActual, id_tipoNodoPosible) VALUES (4, 5, 4);
INSERT INTO Tb_ConfiguracionFlujo (nivel, id_tipoNodoActual, id_tipoNodoPosible) VALUES (4, 5, 6);
-- NIVEL 4: MENSAJEPANTALLA
INSERT INTO Tb_ConfiguracionFlujo (nivel, id_tipoNodoActual, id_tipoNodoPosible) VALUES (4, 6, 3);
INSERT INTO Tb_ConfiguracionFlujo (nivel, id_tipoNodoActual, id_tipoNodoPosible) VALUES (4, 6, 4);
INSERT INTO Tb_ConfiguracionFlujo (nivel, id_tipoNodoActual, id_tipoNodoPosible) VALUES (4, 6, 5);
INSERT INTO Tb_ConfiguracionFlujo (nivel, id_tipoNodoActual, id_tipoNodoPosible) VALUES (4, 6, 6);

